Appareil;Nom=;6100 PORTABLE;;Numéro de série=;8480381;;Version de logiciel=;5.7;;;;;;;;
;Adresse MAC=;00:0A:8D:81:66:7D;;Langue=;fr;;Pays=;FR;;Fuseau horaire=;GMT;;;;;
Groupe;Group 1;;;;;;;;;;;;;;;
TC1;Bas=;20;Haut=;550;Unités=;°C;;;;;;;;;;
TC2;Bas=;20;Haut=;550;Unités=;°C;;;;;;;;;;
TC3;Bas=;20;Haut=;550;Unités=;°C;;;;;;;;;;
TC4;Bas=;20;Haut=;550;Unités=;°C;;;;;;;;;;
TC5;Bas=;20;Haut=;550;Unités=;°C;;;;;;;;;;
TC6;Bas=;20;Haut=;550;Unités=;°C;;;;;;;;;;
TC7;Bas=;20;Haut=;550;Unités=;°C;;;;;;;;;;
TC8;Bas=;20;Haut=;550;Unités=;°C;;;;;;;;;;
TC9;Bas=;20;Haut=;550;Unités=;°C;;;;;;;;;;
TC10;Bas=;20;Haut=;550;Unités=;°C;;;;;;;;;;
TC11;Bas=;20;Haut=;550;Unités=;°C;;;;;;;;;;
TC12;Bas=;20;Haut=;550;Unités=;°C;;;;;;;;;;
TC13;Bas=;20;Haut=;550;Unités=;°C;;;;;;;;;;
TC14;Bas=;20;Haut=;550;Unités=;°C;;;;;;;;;;
TC15;Bas=;20;Haut=;550;Unités=;°C;;;;;;;;;;
Date/Heure;;TC1;TC2;TC3;TC4;TC5;TC6;TC7;TC8;TC9;TC10;TC11;TC12;TC13;TC14;TC15
;;°C;°C;°C;°C;°C;°C;°C;°C;°C;°C;°C;°C;°C;°C;°C
15/02/24 18:32:32.625;15/02/24 18:32:32 Mise sous tension;;;;;;;;;;;;;;;
15/02/24 18:32:32.625;15/02/24 18:32:32 Version de config:561 Version de sécurité:1;;;;;;;;;;;;;;;
15/02/24 18:32:33.5;15/02/24 18:32:33 Stockage actif;;;;;;;;;;;;;;;
15/02/2024 18:33;;20,29;20,11;19,47;20,18;17,45;16,38;16,4;17,68;17,94;;;;;;
15/02/2024 18:34;;20,34;20,25;19,97;20,05;29,01;16,45;17,11;16,76;17,86;;;;;;
15/02/2024 18:35;;20,39;20,07;19,78;20,17;17,72;26,22;16,19;17,62;18,03;;;;;;
15/02/2024 18:36;;20,42;20,03;20,02;20,06;16,88;17,79;19,28;26,51;18,46;;;;;;
15/02/2024 18:37;;20,18;19,89;19,75;19,9;16,54;16,26;16,48;17,75;17,79;;;;;;
15/02/2024 18:38;;19,84;19,8;19,67;19,75;16,52;16,76;16,94;17,31;17,74;;;;;;
15/02/2024 18:39;;18,43;17,74;17,52;18,32;17,31;17,45;17,52;17,67;17,09;;;;;;
15/02/2024 18:40;;17,29;17,96;17,04;16,63;17,73;18,14;17,73;17,68;17,93;;;;;;
15/02/2024 18:41;;18,48;19,44;19,43;18,17;18,28;18,17;18,1;17,93;18,12;;;;;;
15/02/2024 18:42;;237,7;235,07;236,1;237,8;241,16;254,55;231,15;250,92;247,68;;;;;;
15/02/2024 18:43;;218;207,46;201,06;214,93;219,16;176,11;184,37;209,52;213,38;;;;;;
15/02/2024 18:44;;211,43;202,31;193,9;208,55;213,05;169,63;177,88;201,14;206,88;;;;;;
15/02/2024 18:45;;206,26;198,01;189,63;204,28;208,41;163,19;172,85;195,03;202,01;;;;;;
15/02/2024 18:46;;202,06;193,12;186,04;199,77;204,43;160,12;168,65;190,77;196,56;;;;;;
15/02/2024 18:47;;196,89;189,58;181,86;195,37;200,46;155,95;165,49;185,27;192,01;;;;;;
15/02/2024 18:48;;192,59;184,56;178,55;191,61;197,26;152;161,26;181,6;187,07;;;;;;
15/02/2024 18:49;;188,7;181,03;174,71;187,15;193,54;149,03;157,68;175,89;182,63;;;;;;
15/02/2024 18:50;;184,52;176,87;170,99;183,25;189,89;145,07;154,13;171,71;178,93;;;;;;
15/02/2024 18:51;;180,55;173,26;167,28;179,28;185,72;142,64;150,93;167;174,7;;;;;;
15/02/2024 18:52;;176,5;169,42;164,03;175,6;182,18;140,06;148,21;162,88;170,86;;;;;;
15/02/2024 18:53;;173;166,04;161,02;172,05;178,38;136,91;144,9;159,3;167,39;;;;;;
15/02/2024 18:54;;169,01;162,34;157,99;168,15;175;135,71;142,66;155,54;163,29;;;;;;
15/02/2024 18:55;;165,42;159,09;155,13;165,03;171,24;132,96;139,18;152,68;159,97;;;;;;
15/02/2024 18:56;;161,77;155,94;152,19;161,54;167,53;129,86;136,73;150,15;156,65;;;;;;
15/02/2024 18:57;;158,14;152,75;149,39;158,48;164,02;127,21;133,67;146,51;153,63;;;;;;
15/02/2024 18:58;;155,61;149,88;146,17;155,32;160,9;124,92;131,72;144,23;150,56;;;;;;
15/02/2024 18:59;;152,86;147,17;143,4;152,41;157,63;124,41;129,97;142,81;147,94;;;;;;
15/02/2024 19:00;;149,41;143,74;140,7;149,14;154,46;120,74;126,55;138,54;144,53;;;;;;
15/02/2024 19:01;;146,93;141,31;137,81;146,21;151,32;119,77;125,19;135,01;142,03;;;;;;
15/02/2024 19:02;;143,9;138,54;135,61;143,66;148,44;117,32;122,43;134,37;139,28;;;;;;
15/02/2024 19:03;;140,93;135,94;133,19;140,81;145,5;115,29;120,5;130,87;136,66;;;;;;
15/02/2024 19:04;;138,27;133,24;130,78;138,17;142,43;113,74;118,54;128,87;133,82;;;;;;
15/02/2024 19:05;;135,82;130,9;128,39;135,52;139,98;111,14;116,12;126,2;131,63;;;;;;
15/02/2024 19:06;;132,95;128,46;125,96;133,16;137,29;109,51;114,21;124,46;128,66;;;;;;
15/02/2024 19:07;;130,92;126,33;123,86;130,55;134,7;108,32;112,42;121,73;126,84;;;;;;
15/02/2024 19:08;;128,33;123,84;121,47;128,11;132,08;106,1;110,22;120,1;124,45;;;;;;
15/02/2024 19:09;;125,83;121,6;119,54;126,01;129,83;104,31;108,4;117,86;122,03;;;;;;
15/02/2024 19:10;;123,96;119,62;117,39;123,61;127,43;103,78;107,06;116,36;120,09;;;;;;
15/02/2024 19:11;;121,66;117,44;115,34;121,41;125,25;101,32;104,85;114,64;118,01;;;;;;
15/02/2024 19:12;;119,54;115,48;113,42;119,23;122,68;100,46;103,4;111,66;116,09;;;;;;
15/02/2024 19:13;;117,38;113,33;111,47;117,42;120,74;98,78;101,7;110,57;113,69;;;;;;
15/02/2024 19:14;;115,02;111,56;109,56;115,24;118,57;96,3;99,77;109,25;111,96;;;;;;
15/02/2024 19:15;;113,48;109,8;107,79;113,21;116,46;95,58;98,53;107,2;110,24;;;;;;
15/02/2024 19:16;;111,39;108,03;106,15;111,39;114,71;95,01;96,96;105,53;108,47;;;;;;
15/02/2024 19:17;;109,45;105,9;104,44;109,58;112,39;92,84;95,27;103,63;106,45;;;;;;
15/02/2024 19:18;;107,67;104,42;102,76;107,74;110,77;91,5;93,53;102,05;104,85;;;;;;
15/02/2024 19:19;;105,81;102,74;100,89;106,05;108,82;90,26;92,33;100,52;102,99;;;;;;
15/02/2024 19:20;;104,1;100,97;99,28;104,28;107,06;88,11;90,62;99,03;101,25;;;;;;
15/02/2024 19:21;;102,25;99,27;97,79;102,72;105,32;87,12;89,43;97,74;99,65;;;;;;
15/02/2024 19:22;;100,53;96,84;94,39;98,26;101,76;81,5;83,82;89,06;96,58;;;;;;
15/02/2024 19:23;;98,5;93,84;91,6;94,79;99,58;78,24;80,1;85,23;93,95;;;;;;
15/02/2024 19:24;;97,11;92,06;89,7;92,88;99,17;75,83;77,78;82,88;92,2;;;;;;
15/02/2024 19:25;;95,13;90,07;87,79;91,24;97;73,73;75,43;81,77;90,41;;;;;;
15/02/2024 19:26;;93,54;88,64;86,4;89,55;95,62;72,07;73,97;79,76;88,85;;;;;;
15/02/2024 19:27;;92,13;86,8;84,91;88,03;93,54;70,68;72,47;78,78;87,27;;;;;;
15/02/2024 19:28;;90,93;85,59;83,28;86,33;93;69,56;71,7;76,5;85,85;;;;;;
15/02/2024 19:29;;89,52;84,15;81,82;85,15;90,95;68,24;70,67;75,76;84,4;;;;;;
15/02/2024 19:30;;88,33;82,86;80,52;83,6;90,35;66,93;69,16;74,71;82,84;;;;;;
15/02/2024 19:31;;86,6;81,71;79,07;82,32;88,08;66,09;68,29;73,11;81,58;;;;;;
15/02/2024 19:32;;85,35;80,59;77,95;81;87,93;64,9;67,11;71,67;80,58;;;;;;
15/02/2024 19:33;;84,16;79,06;76,78;79,66;86,13;63,8;66,19;71,07;79,08;;;;;;
15/02/2024 19:34;;83,14;77,97;75,57;78,5;85,12;62,98;64,99;69,73;78,02;;;;;;
15/02/2024 19:35;;81,67;76,68;74,28;77,26;83,99;62,1;64,21;68,6;76,47;;;;;;
15/02/2024 19:36;;80,54;75,74;73,24;76,1;82,62;60,95;62,97;68,02;75,82;;;;;;
15/02/2024 19:37;;79,05;74,27;72,02;75,11;81,13;60,69;62,45;67,22;74,33;;;;;;
15/02/2024 19:38;;78,02;73,38;71,07;73,93;80,53;59,39;61,34;65,79;73,31;;;;;;
15/02/2024 19:39;;76,85;72,45;70,21;73,01;78,6;58,67;61,26;65,36;72,38;;;;;;
15/02/2024 19:40;;75,87;71,1;69,11;72,12;77,29;58;60,32;64,23;71,2;;;;;;
15/02/2024 19:41;;75;70,81;68,22;70,97;77,3;57,11;59,75;63,15;70,66;;;;;;
15/02/2024 19:42;;73,9;69,81;67,4;69,82;75,72;56,54;59,5;62,24;69,45;;;;;;
15/02/2024 19:43;;72,97;68,67;66,19;68,96;74,67;55,84;57,67;61,46;68,7;;;;;;
15/02/2024 19:44;;71,91;67,45;65,31;68,17;73,36;55,16;57,2;61,06;67,65;;;;;;
15/02/2024 19:45;;70,99;66,96;64,63;66,91;72,86;53,93;56,19;59,76;67,01;;;;;;
15/02/2024 19:46;;69,88;66,01;63,81;66,38;71,47;53,63;55,73;59,5;66,19;;;;;;
15/02/2024 19:47;;68,88;65,25;62,95;65,23;70,63;53,31;55,6;58,55;65,13;;;;;;
15/02/2024 19:48;;68,21;64,43;62,21;64,51;70,22;52,62;54,66;57,96;64,45;;;;;;
15/02/2024 19:49;;67,3;63,3;61,34;63,9;68,23;51,78;54,09;57,37;63,54;;;;;;
15/02/2024 19:50;;66,56;62,73;60,62;62,79;67,99;51,4;53,69;56,07;62,79;;;;;;
15/02/2024 19:51;;65,66;62,02;59,99;62,19;67,04;50,81;52,93;55,46;61,96;;;;;;
15/02/2024 19:52;;64,84;61,39;59,18;61,27;66,17;50,34;52,72;55,14;61,22;;;;;;
15/02/2024 19:53;;63,86;60,3;58,37;60,75;65,29;49,53;51,83;54,86;60,42;;;;;;
15/02/2024 19:54;;62,97;59,51;57,5;60,01;64,61;49,11;51,27;53,58;59,7;;;;;;
15/02/2024 19:55;;62,48;59,12;56,94;59,13;63,92;48,66;50,92;53,19;59,02;;;;;;
15/02/2024 19:56;;61,63;58,34;56,19;58,57;62,95;48,33;50,57;52,77;58,42;;;;;;
15/02/2024 19:57;;60,93;57,9;55,47;57,7;62,48;48,02;49,88;51,81;57,85;;;;;;
15/02/2024 19:58;;60,17;57,1;54,74;57,11;61,15;47,27;49,38;51,37;57,16;;;;;;
15/02/2024 19:59;;59,16;56,23;54,38;56,55;61,13;46,49;48,55;51,09;56,43;;;;;;
15/02/2024 20:00;;58,84;55,98;53,71;55,82;59,41;46,9;48,75;50,33;55,76;;;;;;
15/02/2024 20:01;;58,24;54,9;53,21;55,23;59,24;45,51;47,62;50,19;54,87;;;;;;
15/02/2024 20:02;;57,27;54,38;52,49;54,53;58,39;45,31;47,3;49,48;54,34;;;;;;
15/02/2024 20:03;;56,68;53,71;52,05;54,04;58,02;44,87;46,6;48,89;53,84;;;;;;
15/02/2024 20:04;;55,92;53,26;51,37;53,31;57,33;44,41;46,46;48,13;53,18;;;;;;
15/02/2024 20:05;;55,23;52,56;50,92;52,68;56,72;44,17;46,31;47,77;52,61;;;;;;
15/02/2024 20:06;;54,62;51,99;50,33;52,32;55,74;43,81;45,78;47,67;51,95;;;;;;
15/02/2024 20:07;;54,33;51,47;49,95;51,56;54,9;43,44;45,39;46,91;51,69;;;;;;
15/02/2024 20:08;;53,74;51,03;49,32;51,19;54,83;42,98;45,16;46,75;51,07;;;;;;
15/02/2024 20:09;;52,73;50,52;48,78;50,77;54,04;42,68;44,68;46,36;50,56;;;;;;
15/02/2024 20:10;;52,49;50,16;48,19;50,13;53,47;42,68;44,3;45,36;50,22;;;;;;
15/02/2024 20:11;;51,88;49,75;47,75;49,55;52,96;42,01;43,74;45,32;49,69;;;;;;
15/02/2024 20:12;;51,33;49,12;47,43;49,16;52,48;41,83;43,5;44,86;49,16;;;;;;
15/02/2024 20:13;;50,75;48,49;46,9;48,51;51,85;41,26;43,06;44,48;48,45;;;;;;
15/02/2024 20:14;;49,98;47,93;46,52;48,15;51,37;40,8;42,35;44,25;48,1;;;;;;
15/02/2024 20:15;;49,62;47,59;46,17;47,83;50,96;40,28;42,36;43,75;47,62;;;;;;
15/02/2024 20:16;;49,26;47,16;45,66;47,29;50,38;40,28;42,17;43,37;47,18;;;;;;
15/02/2024 20:17;;48,6;46,62;45,21;46,76;50,06;39,9;41,68;43,15;46,82;;;;;;
15/02/2024 20:18;;48,1;46,32;44,62;46,33;49,33;39,67;41,25;42,6;46,42;;;;;;
15/02/2024 20:19;;47,52;46,1;44,29;45,78;48,56;39,49;41,1;42,05;45,91;;;;;;
15/02/2024 20:20;;47,22;45,41;44,11;45,53;48,38;38,72;40,52;41,94;45,6;;;;;;
15/02/2024 20:21;;46,65;45,17;43,55;45,19;48,03;38,92;40,31;41,38;45,2;;;;;;
15/02/2024 20:22;;46,23;44,71;43,16;44,68;47,35;38,5;40,17;41,39;44,73;;;;;;
15/02/2024 20:23;;45,72;44,29;42,78;44,24;46,71;38,18;39,55;40,7;44,34;;;;;;
15/02/2024 20:24;;45,44;43,97;42,43;43,93;46,62;37,76;39,55;40,56;43,83;;;;;;
15/02/2024 20:25;;44,7;43,68;41,95;43,43;45,76;37,99;39,17;39,92;43,72;;;;;;
15/02/2024 20:26;;44,47;43,19;41,74;43,18;45,78;37,13;38,64;39,83;43,18;;;;;;
15/02/2024 20:27;;44,12;42,68;41,46;42,81;45,27;36,83;38,42;39,58;42,82;;;;;;
15/02/2024 20:28;;43,96;42,55;40,89;42,47;44,58;37,17;38,27;39;42,54;;;;;;
15/02/2024 20:29;;43,27;42,15;40,71;42,04;44,28;36,43;37,84;38,83;42,17;;;;;;
15/02/2024 20:30;;43,04;41,84;40,28;41,77;43,96;36,06;37,54;38,63;41,82;;;;;;
15/02/2024 20:31;;42,63;41,6;39,85;41,46;43,3;36,35;37,58;38,18;41,52;;;;;;
15/02/2024 20:32;;42,37;41,07;39,84;41,16;43,41;35,71;37,08;38,77;41,2;;;;;;
15/02/2024 20:33;;42,26;41,11;39,68;41,05;43,08;35,67;37,14;38;41,11;;;;;;
15/02/2024 20:34;;42,38;40,96;39,72;40,97;43,15;35,8;37,16;38,84;40,81;;;;;;
15/02/2024 20:35;;42,12;40,98;40,22;41,18;42,68;39,58;38,62;41,28;41,02;;;;;;
15/02/2024 20:36;;42,42;41,42;41;41,7;42,71;40,97;39,93;42,44;41,69;;;;;;
15/02/2024 20:37;;42,85;41,94;41,49;42,25;42,89;41,64;40,63;42,8;42,33;;;;;;
15/02/2024 20:38;;42,92;42,22;41,67;42,47;42,98;40,53;40,43;42,28;42,4;;;;;;
15/02/2024 20:39;;42,82;42,07;41,27;42,26;42,95;40,2;39,97;41,46;42,27;;;;;;
15/02/2024 20:40;;42,51;41,61;40,72;41,8;42,31;37,64;38,56;40,03;41,53;;;;;;
15/02/2024 20:41;;42;41,11;40,03;41,06;42,72;36,64;37,72;38,72;40,92;;;;;;
15/02/2024 20:42;;41,51;40,79;39,54;40,59;41,89;36,4;37,45;38,49;40,59;;;;;;
15/02/2024 20:43;;41,34;40,46;39,87;40,58;41,65;39,24;38,76;40,83;40,46;;;;;;
15/02/2024 20:44;;41,89;41,01;40,66;41,23;41,78;40,85;39,92;42,21;41,27;;;;;;
15/02/2024 20:45;;42,47;41,74;41,26;42,01;42,39;40,3;40,1;41,57;41,94;;;;;;
15/02/2024 20:46;;42,34;41,42;40,39;41,53;42,03;38,37;38,72;39,29;41,29;;;;;;
15/02/2024 20:47;;41,73;40,73;39,76;40,75;42;36,76;37,87;38,32;40,65;;;;;;
15/02/2024 20:48;;41,36;40,48;39,55;40,5;41,8;36,21;37,34;38,34;40,24;;;;;;
15/02/2024 20:49;;41,15;40,21;39,21;40,15;41,57;36,21;37,33;38,28;40,03;;;;;;
15/02/2024 20:50;;41,09;40,14;39,55;40,2;41,43;38,48;38,15;40,08;40,03;;;;;;
15/02/2024 20:51;;40,9;40,24;39,8;40,27;41,39;39,38;38,67;40,81;40,15;;;;;;
15/02/2024 20:52;;41,23;40,39;40,07;40,71;41,1;40,11;39,42;41,3;40,54;;;;;;
15/02/2024 20:53;;41,48;40,93;40,62;41,16;41,4;41,09;40,1;42,1;41,22;;;;;;
15/02/2024 20:54;;42,02;41,54;41,17;41,72;41,66;41,71;40,79;42,6;41,83;;;;;;
15/02/2024 20:55;;42,33;41,75;41,26;41,92;41,91;39,77;40,25;41,14;41,88;;;;;;
15/02/2024 20:56;;42,26;41,65;41,05;41,84;41,83;39,51;39,58;41,02;41,69;;;;;;
15/02/2024 20:57;;42,19;41,52;40,8;41,86;41,91;38,68;39,19;40,26;41,47;;;;;;
15/02/2024 20:58;;42,1;41,46;40,72;41,53;41,8;38,23;38,94;39,62;41,25;;;;;;
15/02/2024 20:59;;41,49;40,89;40,11;40,93;41,48;37,02;38,07;38,86;40,71;;;;;;
15/02/2024 21:00;;41,45;40,71;39,84;40,6;41,28;37,12;37,98;38,56;40,45;;;;;;
15/02/2024 21:01;;41,11;40,17;39,3;40,22;41,01;36,97;37,49;38,55;39,97;;;;;;
15/02/2024 21:02;;40,67;39,93;39,43;40,05;40,78;39,25;38,56;40;39,86;;;;;;
15/02/2024 21:03;;40,92;40,2;39,95;40,45;40,78;40,24;39,42;41,03;40,43;;;;;;
15/02/2024 21:04;;41;40,36;40,13;40,59;40,68;40,62;39,64;41,38;40,61;;;;;;
15/02/2024 21:05;;41,23;40,66;40,31;40,82;40,9;40,9;40,12;41,69;40,79;;;;;;
15/02/2024 21:06;;41,04;40,44;40,04;40,58;40,79;40,63;39,61;41,48;40,56;;;;;;
15/02/2024 21:07;;41,04;40,32;40,08;40,49;40,61;40,6;39,62;41,37;40,52;;;;;;
15/02/2024 21:08;;41,09;40,42;40,12;40,56;40,57;40,8;39,83;41,5;40,66;;;;;;
15/02/2024 21:09;;40,87;40,21;39,87;40,47;40,51;40,64;39,4;41,18;40,39;;;;;;
15/02/2024 21:10;;41,01;40,26;40;40,58;40,63;40,66;39,78;41,39;40,41;;;;;;
15/02/2024 21:11;;40,92;40,33;40,01;40,47;40,5;40,77;39,77;41,41;40,43;;;;;;
15/02/2024 21:12;;40,99;40,28;39,92;40,54;40,53;40,61;39,76;41,36;40,44;;;;;;
15/02/2024 21:13;;41,1;40,41;40,2;40,72;40,5;40,91;39,84;41,49;40,65;;;;;;
15/02/2024 21:14;;40,68;39,98;39,66;40,21;40,57;40,17;39,36;40,85;40,2;;;;;;
15/02/2024 21:15;;40,56;39,69;39,4;39,94;40,24;39,73;38,87;40,38;39,69;;;;;;
15/02/2024 21:16;;40,41;39,6;39,19;39,78;40,16;38,55;38,25;39,6;39,4;;;;;;
15/02/2024 21:17;;40,51;39,7;39,16;40,03;40,56;38,26;37,83;39,32;39,5;;;;;;
15/02/2024 21:18;;40,46;39,78;39,33;40,03;40,37;37,9;37,93;39,22;39,49;;;;;;
15/02/2024 21:19;;40,48;39,78;39,18;39,78;40,43;37,84;37,81;38,75;39,48;;;;;;
15/02/2024 21:20;;40,58;39,67;39,14;39,9;40,29;37,32;37,59;38,6;39,35;;;;;;
15/02/2024 21:21;;40,79;39,96;39,34;40,19;40,47;37,26;37,81;38,76;39,61;;;;;;
15/02/2024 21:22;;40,76;39,97;39,28;40,12;40,48;36,48;37,58;38,38;39,71;;;;;;
15/02/2024 21:23;;41,2;40,59;39,83;40,52;40,73;37,25;37,88;38,54;40,23;;;;;;
15/02/2024 21:24;;41,44;40,89;40,18;41,08;40,97;38,12;38,73;39,44;40,66;;;;;;
15/02/2024 21:25;;41,86;41,49;40,85;41,69;41,19;40,01;40,09;40,39;41,36;;;;;;
15/02/2024 21:26;;41,76;41,45;41,18;41,68;40,86;41,88;41,22;42,3;41,7;;;;;;
15/02/2024 21:27;;41,56;41,21;40,92;41,38;40,81;41,62;41,09;42,23;41,35;;;;;;
15/02/2024 21:28;;41,29;40,93;40,58;41,11;40,55;41,41;40,47;41,94;41,07;;;;;;
15/02/2024 21:29;;40,9;40,33;40,08;40,54;40,36;40,82;39,87;41,27;40,62;;;;;;
15/02/2024 21:30;;40,41;39,73;39,37;39,87;40,07;39,76;39,16;40,4;39,72;;;;;;
15/02/2024 21:31;;40,4;39,51;39,31;39,85;40,23;38,88;38,43;39,7;39,36;;;;;;
15/02/2024 21:32;;40,66;39,84;39,3;39,98;40,35;36,61;37,53;38,25;39,5;;;;;;
15/02/2024 21:33;;41,77;41,31;40,81;41,58;40,96;39,5;39,72;40,33;41,17;;;;;;
15/02/2024 21:34;;41,64;41,34;41,09;41,54;40,9;41,78;41,25;42,23;41,54;;;;;;
15/02/2024 21:35;;41,47;41,13;40,83;41,31;40,57;41,54;40,87;41,97;41,29;;;;;;
15/02/2024 21:36;;41,12;40,76;40,49;40,94;40,36;41,22;40,42;41,6;40,83;;;;;;
15/02/2024 21:37;;40,62;40,08;39,85;40,26;40,15;40,46;39,62;41,03;40,13;;;;;;
15/02/2024 21:38;;40,11;39,35;39,06;39,6;39,85;38,53;38,25;39,32;39,12;;;;;;
15/02/2024 21:39;;41,41;40,84;40,25;40,91;40,94;38,17;38,86;39,17;40,57;;;;;;
15/02/2024 21:40;;41,55;41,25;41,02;41,44;40,48;41,64;41,22;42,09;41,41;;;;;;
15/02/2024 21:41;;41,27;40,94;40,6;41,11;40,35;41,45;40,71;41,8;41,04;;;;;;
15/02/2024 21:42;;40,99;40,53;40,23;40,73;40,24;41,04;40,32;41,4;40,71;;;;;;
15/02/2024 21:43;;40,64;39,99;39,68;40,21;40,02;40,14;39,51;40,75;40,05;;;;;;
15/02/2024 21:44;;40,22;39,37;39,1;39,62;39,66;39,37;38,68;39,84;39,29;;;;;;
15/02/2024 21:45;;41,43;40,77;40,12;40,94;40,4;38,13;38,78;39,02;40,56;;;;;;
15/02/2024 21:46;;41,58;41,29;40,97;41,39;40,41;41,62;41,15;41,99;41,36;;;;;;
15/02/2024 21:47;;41,14;40,77;40,49;41,03;40,35;41,27;40,53;41,55;40,85;;;;;;
15/02/2024 21:48;;40,66;40,1;39,76;40,33;39,89;40,56;39,79;40,98;40,2;;;;;;
15/02/2024 21:49;;40,28;39,41;39,13;39,71;39,93;38,41;38,07;39,13;39,07;;;;;;
15/02/2024 21:50;;41,55;41,12;40,47;41,14;40,58;39,29;39,56;39,95;40,82;;;;;;
15/02/2024 21:51;;41,44;41,15;40,82;41,3;40,42;41,47;41,04;41,87;41,28;;;;;;
15/02/2024 21:52;;40,89;40,42;40,17;40,7;40,18;40,98;40,21;41,37;40,64;;;;;;
15/02/2024 21:53;;40,15;39,39;39,07;39,62;39,9;38,94;38,54;39,54;39,15;;;;;;
15/02/2024 21:54;;41,56;41,07;40,54;41,28;40,63;39,23;39,33;39,87;40,79;;;;;;
15/02/2024 21:55;;41,36;41,06;40,8;41,26;40,38;41,45;41,02;41,81;41,21;;;;;;
15/02/2024 21:56;;40,88;40,46;40,2;40,64;40,15;40,96;40,28;41,27;40,58;;;;;;
15/02/2024 21:57;;40,05;39,34;39,21;39,61;39,78;38,47;38,28;39,44;39,03;;;;;;
15/02/2024 21:58;;41,54;41,15;40,69;41,38;40,6;39,65;39,95;40,19;40,98;;;;;;
15/02/2024 21:59;;41,3;40,97;40,74;41,16;40,2;41,39;40,91;41,72;41,07;;;;;;
15/02/2024 22:00;;40,85;40,43;40,18;40,6;40,13;40,98;40,33;41,26;40,59;;;;;;
15/02/2024 22:01;;40,33;39,54;39,31;39,73;39,55;39,6;39,04;40,06;39,42;;;;;;
15/02/2024 22:02;;41,48;41,12;40,7;41,29;40,47;39,47;40,11;40,18;40,95;;;;;;
15/02/2024 22:03;;41,16;40,9;40,57;41,05;40,17;41,3;40,8;41,61;40,99;;;;;;
15/02/2024 22:04;;40,16;39,43;39,24;39,77;39,6;39,63;38,93;39,98;39,38;;;;;;
15/02/2024 22:05;;41,53;41,18;40,88;41,38;40,6;40,52;40,39;40,76;41,08;;;;;;
15/02/2024 22:06;;41,15;40,86;40,6;41,05;40,07;41,23;40,77;41,59;40,92;;;;;;
15/02/2024 22:07;;40,35;39,68;39,49;39,88;39,69;40,03;39,37;40,41;39,62;;;;;;
15/02/2024 22:08;;41,15;40,64;39,9;40,63;40,22;38,14;38,64;39,06;40,29;;;;;;
15/02/2024 22:09;;41,18;40,89;40,66;41,07;40,32;41,26;40,89;41,56;40,93;;;;;;
15/02/2024 22:10;;40,39;39,78;39,63;40,02;39,74;40,31;39,62;40,61;39,91;;;;;;
15/02/2024 22:11;;40,87;40,22;39,55;40,3;40,3;37,42;38,13;38,32;39,85;;;;;;
15/02/2024 22:12;;41,22;40,92;40,69;41,12;40,05;41,35;40,96;41,6;41;;;;;;
15/02/2024 22:13;;40,61;40,1;39,92;40,29;39,73;40,72;39,96;40,87;40,22;;;;;;
15/02/2024 22:14;;40,75;40,04;39,8;40,47;39,99;38,4;38,63;39,42;39,68;;;;;;
15/02/2024 22:15;;41,38;40,97;40,8;41,18;40,32;40,72;40,55;40,68;40,94;;;;;;
15/02/2024 22:16;;41,07;40,75;40,46;40,87;40,07;41,17;40,76;41,43;40,86;;;;;;
15/02/2024 22:17;;39,93;39,14;38,97;39,49;39,4;39,31;38,64;39,57;39,13;;;;;;
15/02/2024 22:18;;41,32;41,06;40,89;41,22;40,21;41,4;41,11;41,66;41,13;;;;;;
15/02/2024 22:19;;40,82;40,46;40,21;40,62;39,78;40,99;40,42;41,22;40,57;;;;;;
15/02/2024 22:20;;40,06;39,27;39,02;39,6;39,43;39;38,5;39,23;39,09;;;;;;
15/02/2024 22:21;;41,31;40,98;40,79;41,12;40,25;41,37;41,08;41,52;41,02;;;;;;
15/02/2024 22:22;;40,95;40,57;40,32;40,75;39,89;41,06;40,59;41,27;40,64;;;;;;
15/02/2024 22:23;;40,09;39,24;39,06;39,51;39,51;38,86;38,45;39,24;39,01;;;;;;
15/02/2024 22:24;;41,26;40,98;40,78;41,15;40,13;41,28;41,06;41,49;40,99;;;;;;
15/02/2024 22:25;;40,38;39,83;39,61;40,06;39,7;40,35;39,67;40,51;39,89;;;;;;
15/02/2024 22:26;;41,34;41,05;40,85;41,18;40,01;41,37;41,14;41,54;41,06;;;;;;
15/02/2024 22:27;;40,91;40,51;40,26;40,66;39,76;41;40,49;41,17;40,6;;;;;;
15/02/2024 22:28;;40,45;39,68;39,22;39,95;39,83;37,2;37,91;38,55;39,31;;;;;;
15/02/2024 22:29;;41,15;40,84;40,62;40,99;39,94;41,17;40,93;41,36;40,85;;;;;;
15/02/2024 22:30;;40,11;39,45;39,27;39,77;39,34;39,96;39,24;40,11;39,53;;;;;;
15/02/2024 22:31;;41,22;40,93;40,7;41,1;39,87;41,26;41,02;41,44;40,95;;;;;;
15/02/2024 22:32;;40,39;39,91;39,68;40,12;39,5;40,4;39,82;40,62;40,03;;;;;;
15/02/2024 22:33;;41,25;41;40,78;41,12;39,95;41,3;41,1;41,42;40,94;;;;;;
15/02/2024 22:34;;40,76;40,4;40,18;40,52;39,66;40,92;40,4;41,04;40,42;;;;;;
15/02/2024 22:35;;41,2;40,71;40,43;40,97;40,1;39,14;39,52;39,44;40,48;;;;;;
15/02/2024 22:36;;40,88;40,61;40,41;40,73;39,88;41,01;40,6;41,19;40,54;;;;;;
15/02/2024 22:37;;40,35;39,64;39,21;39,68;39,71;37,1;37,77;38,38;39,14;;;;;;
15/02/2024 22:38;;41,01;40,69;40,5;40,85;39,94;41,15;40,81;41,27;40,76;;;;;;
15/02/2024 22:39;;39,82;39,02;38,75;39,34;39,47;38,21;37,88;38,61;38,72;;;;;;
15/02/2024 22:40;;41,01;40,72;40,5;40,85;39,83;41,15;40,84;41,25;40,8;;;;;;
15/02/2024 22:41;;41,04;40,54;40;40,73;40,19;38,6;39,03;39,08;40,16;;;;;;
15/02/2024 22:42;;40,93;40,53;40,31;40,74;39,71;41,01;40,59;41,1;40,53;;;;;;
15/02/2024 22:43;;41,19;40,95;40,73;41,02;39,89;41,21;41,06;41,36;40,92;;;;;;
15/02/2024 22:44;;40,74;40,43;40,17;40,56;39,55;40,9;40,44;40,99;40,45;;;;;;
15/02/2024 22:45;;41,2;40,95;40,74;41,01;40;41,17;41,09;41,32;40,86;;;;;;
15/02/2024 22:46;;40,49;40,06;39,82;40,27;39,42;40,6;39,98;40,67;40,07;;;;;;
15/02/2024 22:47;;41,12;40,85;40,69;41,01;39,82;41,2;41,04;41,36;40,82;;;;;;
15/02/2024 22:48;;40,57;40,15;39,94;40,35;39,49;40,68;40,17;40,8;40,29;;;;;;
15/02/2024 22:49;;41,11;40,78;40,61;40,97;39,95;41,18;40,97;41,26;40,78;;;;;;
15/02/2024 22:50;;40,5;40,06;39,81;40,23;39,43;40,62;40,11;40,76;40,18;;;;;;
15/02/2024 22:51;;41,05;40,81;40,67;40,98;39,8;41,1;40,99;41,23;40,81;;;;;;
15/02/2024 22:52;;40,27;39,74;39,58;40;39,26;40,28;39,74;40,45;39,89;;;;;;
15/02/2024 22:53;;41,03;40,81;40,55;40,89;39,6;41,13;40,92;41,22;40,72;;;;;;
15/02/2024 22:54;;39,98;39,3;39,2;39,63;39,14;39,68;39,06;39,83;39,36;;;;;;
15/02/2024 22:55;;41,01;40,71;40,51;40,82;39,7;41,02;40,87;41,13;40,7;;;;;;
15/02/2024 22:56;;41,13;40,85;40,65;40,97;39,8;41,14;41,03;41,14;40,82;;;;;;
15/02/2024 22:57;;40,61;40,25;40,03;40,45;39,36;40,79;40,3;40,87;40,33;;;;;;
15/02/2024 22:58;;41,07;40,77;40,59;40,92;39,79;41,11;40,99;41,24;40,78;;;;;;
15/02/2024 22:59;;39,85;39,14;38,91;39,36;39,25;38,88;38,43;39,27;38,82;;;;;;
15/02/2024 23:00;;40,9;40,68;40,43;40,76;39,81;41,03;40,84;41,08;40,63;;;;;;
15/02/2024 23:01;;41,05;40,81;40,64;40,92;39,8;41,19;41;41,19;40,75;;;;;;
15/02/2024 23:02;;40,53;40,05;39,83;40,23;39,4;40,6;40,04;40,64;40,09;;;;;;
15/02/2024 23:03;;41,21;41,17;40,97;41,17;41,08;41,3;41,14;41,5;41,3;;;;;;
15/02/2024 23:04;;41,51;41,45;41,32;41,41;41,49;41,53;41,45;41,7;41,58;;;;;;
15/02/2024 23:05;;41,7;41,64;41,46;41,57;41,61;41,72;41,69;41,86;41,76;;;;;;
15/02/2024 23:06;;41,75;41,78;41,58;41,75;41,85;41,86;41,8;42,01;41,85;;;;;;
15/02/2024 23:07;;41,93;41,88;41,73;41,86;41,93;41,95;41,87;42,06;41,98;;;;;;
15/02/2024 23:08;;42,04;42,02;41,85;42,03;42,1;42,06;42,03;42,22;42,08;;;;;;
15/02/2024 23:09;;42,13;42,13;41,95;42,11;42,14;42,22;42,15;42,31;42,2;;;;;;
15/02/2024 23:10;;42,28;42,23;42,04;42,23;42,31;42,27;42,2;42,37;42,3;;;;;;
15/02/2024 23:11;;42,41;42,37;42,17;42,35;42,37;42,45;42,39;42,6;42,48;;;;;;
15/02/2024 23:12;;42,45;42,42;42,22;42,42;42,44;42,51;42,5;42,63;42,53;;;;;;
15/02/2024 23:13;;42,56;42,57;42,35;42,56;42,59;42,64;42,58;42,74;42,6;;;;;;
15/02/2024 23:14;;42,64;42,62;42,43;42,64;42,66;42,75;42,69;42,83;42,74;;;;;;
15/02/2024 23:15;;42,77;42,75;42,58;42,75;42,82;42,87;42,81;42,93;42,82;;;;;;
15/02/2024 23:16;;42,91;42,83;42,65;42,83;42,81;42,9;42,85;43,02;42,9;;;;;;
15/02/2024 23:17;;42,98;42,92;42,72;42,89;42,95;43,02;42,96;43,12;43,02;;;;;;
15/02/2024 23:18;;43,02;43,01;42,82;42,98;43,08;43,09;43,04;43,17;43,05;;;;;;
15/02/2024 23:19;;43,13;43,09;42,91;43,11;43,09;43,28;43,14;43,28;43,15;;;;;;
15/02/2024 23:20;;43,16;43,17;43;43,15;43,26;43,33;43,24;43,35;43,25;;;;;;
15/02/2024 23:21;;43,31;43,29;43,12;43,26;43,32;43,33;43,33;43,42;43,32;;;;;;
15/02/2024 23:22;;43,39;43,4;43,22;43,33;43,46;43,47;43,41;43,5;43,41;;;;;;
15/02/2024 23:23;;43,42;43,41;43,23;43,39;43,43;43,56;43,49;43,6;43,48;;;;;;
15/02/2024 23:24;;43,51;43,52;43,35;43,49;43,53;43,62;43,56;43,67;43,58;;;;;;
15/02/2024 23:25;;43,6;43,6;43,43;43,59;43,59;43,73;43,62;43,75;43,62;;;;;;
15/02/2024 23:26;;43,67;43,7;43,49;43,62;43,7;43,82;43,75;43,84;43,74;;;;;;
15/02/2024 23:27;;43,78;43,74;43,56;43,74;43,74;43,87;43,82;43,88;43,8;;;;;;
15/02/2024 23:28;;43,79;43,82;43,64;43,75;43,79;43,94;43,89;43,98;43,85;;;;;;
15/02/2024 23:29;;43,87;43,9;43,75;43,87;43,97;44,05;43,99;44,11;43,98;;;;;;
15/02/2024 23:30;;43,96;43,98;43,81;43,95;43,99;44,15;44,08;44,13;44,07;;;;;;
15/02/2024 23:31;;44,09;44,09;43,84;44,04;44,06;44,19;44,16;44,19;44,11;;;;;;
15/02/2024 23:32;;44,11;44,13;43,95;44,09;44,11;44,27;44,18;44,24;44,2;;;;;;
15/02/2024 23:33;;44,2;44,21;44,03;44,16;44,22;44,31;44,25;44,3;44,2;;;;;;
15/02/2024 23:34;;44,21;44,24;44,04;44,22;44,25;44,36;44,31;44,32;44,26;;;;;;
15/02/2024 23:35;;44,34;44,29;44,12;44,26;44,29;44,41;44,36;44,43;44,36;;;;;;
15/02/2024 23:36;;44,42;44,38;44,22;44,38;44,41;44,53;44,48;44,54;44,47;;;;;;
15/02/2024 23:37;;44,51;44,44;44,3;44,43;44,45;44,59;44,51;44,6;44,52;;;;;;
15/02/2024 23:38;;44,53;44,52;44,36;44,48;44,57;44,65;44,6;44,64;44,55;;;;;;
15/02/2024 23:39;;44,57;44,57;44,42;44,56;44,59;44,67;44,66;44,68;44,6;;;;;;
15/02/2024 23:40;;44,61;44,63;44,46;44,58;44,62;44,78;44,69;44,75;44,68;;;;;;
15/02/2024 23:41;;44,69;44,71;44,55;44,67;44,72;44,77;44,78;44,84;44,7;;;;;;
15/02/2024 23:42;;44,77;44,75;44,61;44,73;44,72;44,89;44,88;44,91;44,82;;;;;;
15/02/2024 23:43;;44,82;44,8;44,62;44,75;44,77;44,97;44,9;44,96;44,87;;;;;;
15/02/2024 23:44;;44,88;44,84;44,69;44,85;44,87;44,95;44,94;45,01;44,9;;;;;;
15/02/2024 23:45;;45;44,93;44,79;44,9;44,9;45,08;45,02;45,07;44,98;;;;;;
15/02/2024 23:46;;44,98;44,97;44,85;44,97;44,95;45,16;45,06;45,1;45,02;;;;;;
15/02/2024 23:47;;45,11;45,05;44,89;45,01;45,09;45,23;45,13;45,17;45,1;;;;;;
15/02/2024 23:48;;45,14;45,11;44,93;45,09;45,12;45,23;45,2;45,19;45,15;;;;;;
15/02/2024 23:49;;45,17;45,2;45;45,1;45,1;45,29;45,25;45,28;45,17;;;;;;
15/02/2024 23:50;;45,15;45,18;45,07;45,14;45,16;45,39;45,33;45,39;45,27;;;;;;
15/02/2024 23:51;;45,31;45,26;45,1;45,23;45,25;45,46;45,38;45,41;45,31;;;;;;
15/02/2024 23:52;;45,39;45,4;45,22;45,39;45,41;45,56;45,53;45,59;45,46;;;;;;
15/02/2024 23:53;;46,09;46,07;45,82;46,07;46,33;46,52;46,21;46,49;46,31;;;;;;
15/02/2024 23:54;;47,32;47,32;46,92;47,32;47,71;47,92;47,48;48,03;47,76;;;;;;
15/02/2024 23:55;;48,69;48,75;48,23;48,82;49,26;49,57;48,88;49,68;49,34;;;;;;
15/02/2024 23:56;;50,05;50,16;49,5;50,25;50,78;51,06;50,3;51,26;50,85;;;;;;
15/02/2024 23:57;;51,42;51,48;50,71;51,61;52,26;52,42;51,64;52,82;52,28;;;;;;
15/02/2024 23:58;;52,49;52,59;51,89;52,73;53,43;53,82;52,79;54,12;53,5;;;;;;
15/02/2024 23:59;;53,6;53,79;52,83;53,87;54,6;54,67;53,97;55,23;54,65;;;;;;
16/02/2024 00:00;;54,57;54,77;53,79;54,78;55,53;55,7;54,93;56,23;55,6;;;;;;
16/02/2024 00:01;;55,35;55,55;54,55;55,65;56,32;56,45;55,73;57,01;56,4;;;;;;
16/02/2024 00:02;;55,99;56,18;55,22;56,31;56,91;57,01;56,37;57,63;57,04;;;;;;
16/02/2024 00:03;;56,52;56,66;55,69;56,75;57,41;57,63;56,96;58,16;57,59;;;;;;
16/02/2024 00:04;;56,97;57,27;56,29;57,15;57,68;58,05;57,45;58,66;58,04;;;;;;
16/02/2024 00:05;;57,45;57,59;56,74;57,69;58,23;58,44;57,83;58,98;58,32;;;;;;
16/02/2024 00:06;;57,74;57,94;57,09;58,06;58,58;58,72;58,25;59,28;58,78;;;;;;
16/02/2024 00:07;;58,11;58,36;57,44;58,35;58,87;59,02;58,56;59,63;59,02;;;;;;
16/02/2024 00:08;;58,44;58,6;57,82;58,67;59,13;59,47;58,86;59,87;59,31;;;;;;
16/02/2024 00:09;;58,71;58,94;58,13;58,97;59,27;59,62;59,22;60,11;59,56;;;;;;
16/02/2024 00:10;;59,17;59,34;58,51;59,31;59,83;59,89;59,55;60,4;59,92;;;;;;
16/02/2024 00:11;;59,4;59,64;58,84;59,5;59,99;60,3;59,77;60,65;60,13;;;;;;
16/02/2024 00:12;;59,73;59,8;59,18;59,88;60,27;60,51;60,12;60,98;60,47;;;;;;
16/02/2024 00:13;;59,96;60,16;59,45;60,17;60,64;60,84;60,34;61,19;60,68;;;;;;
16/02/2024 00:14;;60,27;60,46;59,75;60,43;60,71;61,13;60,7;61,45;60,96;;;;;;
16/02/2024 00:15;;60,65;60,75;60,08;60,78;61,14;61,41;60,93;61,73;61,25;;;;;;
16/02/2024 00:16;;60,87;61,05;60,39;61,1;61,38;61,7;61,25;62;61,51;;;;;;
16/02/2024 00:17;;61,25;61,37;60,71;61,36;61,61;61,99;61,58;62,28;61,89;;;;;;
16/02/2024 00:18;;61,54;61,72;61,07;61,69;61,86;62,34;61,97;62,59;62,13;;;;;;
16/02/2024 00:19;;61,88;62,01;61,35;61,97;62,34;62,64;62,24;62,89;62,48;;;;;;
16/02/2024 00:20;;62,17;62,38;61,7;62,35;62,67;62,93;62,55;63,24;62,8;;;;;;
16/02/2024 00:21;;62,52;62,68;62,03;62,68;62,98;63,28;62,86;63,5;63,1;;;;;;
16/02/2024 00:22;;62,83;62,95;62,33;62,99;63,19;63,6;63,21;63,85;63,39;;;;;;
16/02/2024 00:23;;63,14;63,28;62,67;63,3;63,48;63,87;63,47;64,09;63,7;;;;;;
16/02/2024 00:24;;63,47;63,57;63,01;63,6;63,75;64,18;63,8;64,44;64,01;;;;;;
16/02/2024 00:25;;63,75;63,9;63,28;63,89;64,13;64,51;64,11;64,73;64,33;;;;;;
16/02/2024 00:26;;64,14;64,28;63,66;64,23;64,55;64,88;64,43;65,06;64,63;;;;;;
16/02/2024 00:27;;64,45;64,54;63,96;64,5;64,78;65,18;64,82;65,36;64,99;;;;;;
16/02/2024 00:28;;64,8;64,91;64,31;64,89;65,18;65,49;65,15;65,69;65,35;;;;;;
16/02/2024 00:29;;65,13;65,24;64,63;65,22;65,55;65,87;65,48;66,09;65,7;;;;;;
16/02/2024 00:30;;65,49;65,54;64,99;65,57;65,84;66,27;65,77;66,43;65,98;;;;;;
16/02/2024 00:31;;65,79;65,87;65,31;65,84;66,06;66,52;66,12;66,76;66,32;;;;;;
16/02/2024 00:32;;66,06;66,21;65,61;66,23;66,42;66,84;66,43;67,03;66,65;;;;;;
16/02/2024 00:33;;66,45;66,53;65,94;66,55;66,8;67,16;66,76;67,37;66,94;;;;;;
16/02/2024 00:34;;66,74;66,9;66,27;66,84;67,02;67,46;67,13;67,69;67,29;;;;;;
16/02/2024 00:35;;67,13;67,21;66,63;67,16;67,34;67,79;67,39;68,01;67,61;;;;;;
16/02/2024 00:36;;67,44;67,55;66,92;67,5;67,79;68,2;67,8;68,38;67,97;;;;;;
16/02/2024 00:37;;67,78;67,92;67,24;67,82;68,15;68,56;68,09;68,7;68,31;;;;;;
16/02/2024 00:38;;68,02;68,13;67,58;68,13;68,41;68,87;68,39;68,96;68,59;;;;;;
16/02/2024 00:39;;68,37;68,49;67,92;68,47;68,64;69,18;68,76;69,39;68,97;;;;;;
16/02/2024 00:40;;68,72;68,83;68,23;68,84;69,1;69,52;69,08;69,62;69,28;;;;;;
16/02/2024 00:41;;69,11;69,14;68,59;69,17;69,43;69,84;69,37;70,01;69,54;;;;;;
16/02/2024 00:42;;69,46;69,57;68,93;69,56;69,73;70,18;69,77;70,35;69,9;;;;;;
16/02/2024 00:43;;69,78;69,84;69,27;69,89;70,1;70,54;70,1;70,63;70,26;;;;;;
16/02/2024 00:44;;70,03;70,13;69,56;70,14;70,38;70,89;70,39;70,98;70,57;;;;;;
16/02/2024 00:45;;70,45;70,51;69,91;70,51;70,63;71,18;70,76;71,28;70,93;;;;;;
16/02/2024 00:46;;70,65;70,71;70,22;70,79;71,02;71,53;71,07;71,67;71,21;;;;;;
16/02/2024 00:47;;71,03;71,1;70,53;71,09;71,24;71,86;71,44;71,94;71,62;;;;;;
16/02/2024 00:48;;71,36;71,47;70,87;71,42;71,69;72,17;71,78;72,29;71,89;;;;;;
16/02/2024 00:49;;71,7;71,83;71,23;71,82;71,98;72,61;72,09;72,63;72,22;;;;;;
16/02/2024 00:50;;72,03;72,19;71,55;72,14;72,37;72,92;72,4;72,99;72,55;;;;;;
16/02/2024 00:51;;72,4;72,56;71,89;72,49;72,74;73,23;72,76;73,33;72,93;;;;;;
16/02/2024 00:52;;72,66;72,87;72,26;72,77;72,99;73,57;73,15;73,69;73,27;;;;;;
16/02/2024 00:53;;73,02;73,13;72,57;73,15;73,35;73,89;73,49;74,01;73,59;;;;;;
16/02/2024 00:54;;73,41;73,51;72,87;73,47;73,68;74,28;73,81;74,39;73,99;;;;;;
16/02/2024 00:55;;73,75;73,88;73,25;73,85;74,09;74,62;74,16;74,76;74,29;;;;;;
16/02/2024 00:56;;74,03;74,22;73,61;74,21;74,37;74,97;74,49;75,05;74,64;;;;;;
16/02/2024 00:57;;74,4;74,52;73,92;74,47;74,69;75,22;74,82;75,37;74,95;;;;;;
16/02/2024 00:58;;74,74;74,9;74,3;74,86;75,07;75,62;75,12;75,68;75,33;;;;;;
16/02/2024 00:59;;75,07;75,17;74,57;75,14;75,35;75,9;75,47;75,99;75,56;;;;;;
16/02/2024 01:00;;75,38;75,45;74,86;75,44;75,65;76,27;75,76;76,32;75,88;;;;;;
16/02/2024 01:01;;75,79;75,78;75,24;75,85;76,03;76,59;76,16;76,72;76,28;;;;;;
16/02/2024 01:02;;76,06;76,15;75,57;76,22;76,39;77,02;76,48;77,05;76,61;;;;;;
16/02/2024 01:03;;76,39;76,56;75,9;76,54;76,79;77,32;76,81;77,39;76,96;;;;;;
16/02/2024 01:04;;76,69;76,82;76,24;76,81;77,01;77,65;77,13;77,69;77,27;;;;;;
16/02/2024 01:05;;77,07;77,21;76,57;77,17;77,35;77,94;77,47;78,05;77,63;;;;;;
16/02/2024 01:06;;77,35;77,44;76,85;77,44;77,61;78,3;77,79;78,33;77,91;;;;;;
16/02/2024 01:07;;77,74;77,8;77,2;77,82;78,09;78,75;78,12;78,71;78,26;;;;;;
16/02/2024 01:08;;78,1;78,16;77,61;78,17;78,28;79;78,48;79,02;78,65;;;;;;
16/02/2024 01:09;;78,38;78,46;77,87;78,5;78,67;79,35;78,85;79,4;78,98;;;;;;
16/02/2024 01:10;;78,79;78,82;78,26;78,88;79,1;79,67;79,13;79,73;79,27;;;;;;
16/02/2024 01:11;;79,12;79,19;78,61;79,17;79,34;79,97;79,55;80,07;79,61;;;;;;
16/02/2024 01:12;;79,34;79,46;78,89;79,49;79,63;80,4;79,79;80,4;79,88;;;;;;
16/02/2024 01:13;;79,76;79,93;79,27;79,89;79,99;80,62;80,23;80,78;80,3;;;;;;
16/02/2024 01:14;;80,07;80,17;79,57;80,19;80,39;81,02;80,47;81,1;80,62;;;;;;
16/02/2024 01:15;;80,49;80,54;79,95;80,63;80,76;81,45;80,93;81,48;81;;;;;;
16/02/2024 01:16;;80,77;80,91;80,28;80,88;81,03;81,69;81,25;81,7;81,36;;;;;;
16/02/2024 01:17;;81,06;81,2;80,62;81,26;81,41;82,06;81,54;82,08;81,67;;;;;;
16/02/2024 01:18;;81,4;81,53;80,92;81,56;81,72;82,41;81,91;82,47;82,03;;;;;;
16/02/2024 01:19;;81,63;81,69;81,16;81,69;81,8;82,54;82,07;82,48;82,12;;;;;;
16/02/2024 01:20;;81,67;81,78;81,21;81,74;81,84;82,54;82,14;82,56;82,16;;;;;;
16/02/2024 01:21;;81,71;81,76;81,29;81,77;81,77;82,48;82,1;82,42;82,05;;;;;;
16/02/2024 01:22;;81,66;81,66;81,2;81,68;81,64;82,36;81,96;82,24;81,92;;;;;;
16/02/2024 01:23;;81,54;81,55;81,16;81,55;81,49;82,2;81,92;82,14;81,79;;;;;;
16/02/2024 01:24;;81,42;81,48;81,11;81,47;81,36;82,13;81,81;82;81,65;;;;;;
16/02/2024 01:25;;81,35;81,35;81,04;81,35;81,2;81,98;81,69;81,79;81,55;;;;;;
16/02/2024 01:26;;81,18;81,21;80,93;81,2;81,08;81,8;81,6;81,64;81,32;;;;;;
16/02/2024 01:27;;81,14;81,14;80,85;81,09;80,98;81,69;81,47;81,52;81,22;;;;;;
16/02/2024 01:28;;81,1;81,11;80,86;81,05;80,92;81,67;81,43;81,44;81,18;;;;;;
16/02/2024 01:29;;81,03;80,99;80,82;80,98;80,74;81,57;81,36;81,35;81,07;;;;;;
16/02/2024 01:30;;81,03;80,98;80,78;80,94;80,8;81,54;81,33;81,34;81,08;;;;;;
16/02/2024 01:31;;81,02;80,94;80,72;80,92;80,76;81,42;81,23;81,19;80,92;;;;;;
16/02/2024 01:32;;81,04;80,96;80,78;80,91;80,69;81,47;81,26;81,26;80,94;;;;;;
16/02/2024 01:33;;81;80,91;80,76;80,89;80,69;81,49;81,24;81,21;80,98;;;;;;
16/02/2024 01:34;;80,91;80,89;80,72;80,85;80,63;81,4;81,18;81,09;80,84;;;;;;
16/02/2024 01:35;;80,94;80,87;80,7;80,83;80,56;81,34;81,16;81,06;80,84;;;;;;
16/02/2024 01:36;;80,89;80,83;80,7;80,84;80,64;81,35;81,18;81,08;80,84;;;;;;
16/02/2024 01:37;;80,92;80,87;80,67;80,83;80,65;81,36;81,15;81,08;80,83;;;;;;
16/02/2024 01:38;;80,85;80,81;80,69;80,79;80,56;81,36;81,14;80,99;80,83;;;;;;
16/02/2024 01:39;;80,89;80,83;80,71;80,83;80,53;81,37;81,15;80,99;80,8;;;;;;
16/02/2024 01:40;;80,85;80,83;80,69;80,8;80,55;81,34;81,1;80,98;80,82;;;;;;
16/02/2024 01:41;;80,93;80,81;80,67;80,82;80,54;81,32;81,15;81,01;80,78;;;;;;
16/02/2024 01:42;;80,92;80,8;80,7;80,82;80,59;81,34;81,14;80,95;80,8;;;;;;
16/02/2024 01:43;;80,94;80,84;80,74;80,83;80,63;81,34;81,1;80,95;80,81;;;;;;
16/02/2024 01:44;;80,87;80,8;80,67;80,78;80,6;81,35;81,11;80,96;80,81;;;;;;
16/02/2024 01:45;;80,89;80,82;80,7;80,83;80,59;81,3;81,12;80,9;80,75;;;;;;
16/02/2024 01:46;;80,91;80,8;80,67;80,75;80,51;81,25;81,11;80,91;80,74;;;;;;
16/02/2024 01:47;;80,79;80,76;80,63;80,75;80,45;81,25;81,07;80,96;80,68;;;;;;
16/02/2024 01:48;;80,84;80,76;80,64;80,75;80,45;81,26;81,07;80,89;80,73;;;;;;
16/02/2024 01:49;;80,84;80,78;80,66;80,77;80,5;81,26;81,06;80,9;80,77;;;;;;
16/02/2024 01:50;;80,9;80,78;80,71;80,79;80,46;81,28;81,09;80,88;80,76;;;;;;
16/02/2024 01:51;;80,8;80,74;80,65;80,74;80,4;81,29;81,1;80,91;80,73;;;;;;
16/02/2024 01:52;;80,83;80,73;80,66;80,76;80,56;81,28;81,03;80,91;80,71;;;;;;
16/02/2024 01:53;;80,93;80,74;80,68;80,75;80,45;81,23;81,04;80,9;80,71;;;;;;
16/02/2024 01:54;;80,9;80,78;80,66;80,76;80,45;81,23;81,07;80,85;80,71;;;;;;
16/02/2024 01:55;;80,87;80,78;80,66;80,77;80,56;81,29;81,09;80,91;80,78;;;;;;
16/02/2024 01:56;;80,87;80,77;80,67;80,72;80,55;81,27;81,05;80,94;80,73;;;;;;
16/02/2024 01:57;;80,92;80,76;80,72;80,76;80,54;81,25;81,07;80,94;80,72;;;;;;
16/02/2024 01:58;;80,89;80,79;80,68;80,81;80,53;81,27;81,11;80,87;80,74;;;;;;
16/02/2024 01:59;;80,86;80,76;80,68;80,74;80,46;81,23;81,09;80,88;80,74;;;;;;
16/02/2024 02:00;;80,82;80,78;80,69;80,74;80,47;81,28;81,06;80,88;80,73;;;;;;
16/02/2024 02:01;;80,8;80,77;80,69;80,73;80,52;81,32;81,1;80,97;80,75;;;;;;
16/02/2024 02:02;;80,81;80,78;80,66;80,76;80,52;81,24;81,05;80,86;80,65;;;;;;
16/02/2024 02:03;;84,14;84,29;83,51;84,42;85,69;86,78;84,5;86,64;85,53;;;;;;
16/02/2024 02:04;;94,21;94,41;92,27;95,22;98,24;99,26;94,86;99,44;97,65;;;;;;
16/02/2024 02:05;;103,69;104,01;100,71;105,03;108,72;109,41;104,57;110,37;108,23;;;;;;
16/02/2024 02:06;;111,71;112,72;108,41;113,2;118,39;117,55;112,64;119,65;117,46;;;;;;
16/02/2024 02:07;;118,35;120,39;114,55;120,45;126,44;124,59;120,32;128,25;125,07;;;;;;
16/02/2024 02:08;;125,17;126,96;120,72;126,58;133,25;129,82;127,18;135,28;132,14;;;;;;
16/02/2024 02:09;;130,68;132,2;126,18;132,13;139,53;136,38;132,48;141,25;137,85;;;;;;
16/02/2024 02:10;;135,77;137,85;131,02;137,94;144,77;141,25;138,28;147,3;143,73;;;;;;
16/02/2024 02:11;;140,42;143,52;136,25;142,13;149,9;145,95;143,45;152,6;149,24;;;;;;
16/02/2024 02:12;;145,12;148,68;140,89;147,65;154,59;151,47;148,68;157,69;154,2;;;;;;
16/02/2024 02:13;;149,22;150,13;146,36;151,14;154,29;154,56;150,93;156,71;154,69;;;;;;
16/02/2024 02:14;;153,11;153,96;150,38;154,99;157,8;158,29;154,81;160,13;158,5;;;;;;
16/02/2024 02:15;;157,15;158,36;154,37;158,71;161,6;162,31;158,98;164,53;162,4;;;;;;
16/02/2024 02:16;;161,51;162,39;158,88;162,92;166;166,54;163,12;168,67;166,47;;;;;;
16/02/2024 02:17;;165,69;166,56;162,91;167,21;170,07;170,74;167,4;172,78;170,69;;;;;;
16/02/2024 02:18;;170,29;171,02;167,36;171,54;173,85;175,37;172;177,18;174,92;;;;;;
16/02/2024 02:19;;174,47;175,34;171,71;175,89;178,6;179,31;176,1;181,4;179,34;;;;;;
16/02/2024 02:20;;178,63;179,62;176,04;180,08;182,86;183,57;180,26;185,59;183,54;;;;;;
16/02/2024 02:21;;182,89;183,85;180,26;184,19;186,9;188,04;184,82;189,92;187,63;;;;;;
16/02/2024 02:22;;186,91;188,24;184,56;188,54;191,13;192,16;188,78;194,01;191,98;;;;;;
16/02/2024 02:23;;190,64;191,84;188,06;192,12;194,49;195,29;192,16;197,12;195,21;;;;;;
16/02/2024 02:24;;191,49;192,46;189,3;192,67;194,33;195,57;193,2;197,06;195,3;;;;;;
16/02/2024 02:25;;191,86;192,53;189,85;192,8;194,15;195,22;193,51;196,62;194,97;;;;;;
16/02/2024 02:26;;191,85;192,53;190,21;192,58;193,71;195,16;193,34;196,13;194,59;;;;;;
16/02/2024 02:27;;191,83;192,33;190,4;192,55;193,13;194,57;193,28;195,44;194,1;;;;;;
16/02/2024 02:28;;191,62;192,03;190,31;192,16;192,56;194,18;193,02;194,83;193,55;;;;;;
16/02/2024 02:29;;191,47;191,84;190,34;191,84;192,1;193,76;192,68;194,22;192,99;;;;;;
16/02/2024 02:30;;191,37;191,7;190,36;191,76;191,82;193,45;192,54;193,83;192,71;;;;;;
16/02/2024 02:31;;191,35;191,51;190,38;191,55;191,47;193,23;192,38;193,4;192,3;;;;;;
16/02/2024 02:32;;191,19;191,37;190,41;191,43;191,26;193;192,25;193,1;192,08;;;;;;
16/02/2024 02:33;;191,12;191,29;190,42;191,26;190,86;192,84;192,02;192,83;191,84;;;;;;
16/02/2024 02:34;;191,01;191,13;190,4;191,16;190,82;192,62;191,94;192,58;191,6;;;;;;
16/02/2024 02:35;;191,05;191,07;190,35;191,08;190,71;192,52;191,87;192,36;191,52;;;;;;
16/02/2024 02:36;;190,95;191,01;190,34;190,99;190,38;192,36;191,72;192,13;191,3;;;;;;
16/02/2024 02:37;;191;190,92;190,36;190,93;190,54;192,28;191,73;192,05;191,22;;;;;;
16/02/2024 02:38;;190,88;190,84;190,39;190,92;190,28;192,22;191,64;191,95;191,12;;;;;;
16/02/2024 02:39;;190,93;190,87;190,42;190,86;190,22;192,2;191,62;191,88;191,06;;;;;;
16/02/2024 02:40;;190,91;190,85;190,44;190,88;190,26;192,16;191,59;191,83;191,06;;;;;;
16/02/2024 02:41;;190,89;190,82;190,42;190,81;190,2;192,07;191,55;191,74;190,99;;;;;;
16/02/2024 02:42;;190,99;190,92;190,52;190,89;190,16;192,14;191,63;191,81;191,02;;;;;;
16/02/2024 02:43;;190,89;190,78;190,47;190,81;190,21;192;191,48;191,68;190,93;;;;;;
16/02/2024 02:44;;190,87;190,83;190,52;190,82;190,11;191,99;191,5;191,64;190,9;;;;;;
16/02/2024 02:45;;190,93;190,79;190,52;190,83;190,14;191,98;191,45;191,43;190,86;;;;;;
16/02/2024 02:46;;190,92;190,8;190,52;190,78;190,1;191,94;191,47;191,47;190,83;;;;;;
16/02/2024 02:47;;190,87;190,75;190,52;190,77;190,13;191,93;191,4;191,5;190,84;;;;;;
16/02/2024 02:48;;191,03;190,87;190,66;190,91;190,04;192,01;191,53;191,58;190,9;;;;;;
16/02/2024 02:49;;190,91;190,82;190,6;190,82;189,92;191,88;191,46;191,44;190,81;;;;;;
16/02/2024 02:50;;190,86;190,76;190,54;190,78;190,02;191,78;191,33;191,29;190,77;;;;;;
16/02/2024 02:51;;190,93;190,78;190,58;190,79;190,09;191,79;191,36;191,36;190,76;;;;;;
16/02/2024 02:52;;190,99;190,83;190,65;190,86;189,95;191,87;191,45;191,44;190,81;;;;;;
16/02/2024 02:53;;190,86;190,69;190,55;190,71;189,92;191,71;191,32;191,26;190,69;;;;;;
16/02/2024 02:54;;190,96;190,84;190,63;190,86;190,06;191,88;191,41;191,46;190,78;;;;;;
16/02/2024 02:55;;192,01;191,89;191,57;191,92;191,33;193,25;192,47;192,79;192,12;;;;;;
16/02/2024 02:56;;193,29;193,2;192,74;193,27;192,59;194,7;193,78;194,24;193,55;;;;;;
16/02/2024 02:57;;194,5;194,6;194;194,61;194,09;196,07;195,13;195,71;195;;;;;;
16/02/2024 02:58;;195,75;195,81;195,13;195,91;195,46;197,45;196,43;197,21;196,31;;;;;;
16/02/2024 02:59;;196,99;197,11;196,29;197,16;196,77;198,68;197,64;198,37;197,64;;;;;;
16/02/2024 03:00;;198,11;198,18;197,38;198,24;197,86;199,8;198,76;199,67;198,83;;;;;;
16/02/2024 03:01;;199,11;199,26;198,41;199,32;198,93;200,81;199,83;200,73;199,86;;;;;;
16/02/2024 03:02;;200,18;200,33;199,41;200,4;200;201,9;200,87;201,79;201;;;;;;
16/02/2024 03:03;;200,53;200,77;199,89;200,76;200,3;202,19;201,3;202,01;201,28;;;;;;
16/02/2024 03:04;;200,82;200,88;200,19;200,92;200,39;202,29;201,49;202,14;201,34;;;;;;
16/02/2024 03:05;;200,9;201,01;200,31;201,02;200,39;202,35;201,64;202,1;201,4;;;;;;
16/02/2024 03:06;;201,06;201,02;200,5;201,11;200,51;202,36;201,66;202,17;201,41;;;;;;
16/02/2024 03:07;;201,35;201,38;200,84;201,41;200,87;202,61;201,97;202,42;201,69;;;;;;
16/02/2024 03:08;;201,69;201,68;201,15;201,74;201,1;203,01;202,33;202,67;201,99;;;;;;
16/02/2024 03:09;;201,63;201,57;201,14;201,66;200,95;202,71;202,17;202,41;201,73;;;;;;
16/02/2024 03:10;;201,49;201,42;201,02;201,4;200,75;202,54;202,01;202,21;201,58;;;;;;
16/02/2024 03:11;;201,38;201,32;200,96;201,37;200,5;202,38;201,9;202,02;201,43;;;;;;
16/02/2024 03:12;;201,28;201,18;200,91;201,23;200,31;202,25;201,81;201,82;201,26;;;;;;
16/02/2024 03:13;;201,22;201,09;200,83;201,13;200,39;202,07;201,64;201,7;201,1;;;;;;
16/02/2024 03:14;;201,07;201;200,8;201,03;200,14;202,03;201,58;201,62;201,06;;;;;;
16/02/2024 03:15;;201,15;201,07;200,84;201,09;200,22;202,07;201,63;201,7;201,09;;;;;;
16/02/2024 03:16;;201,14;201,03;200,84;201,08;200,27;202,01;201,57;201,61;201,01;;;;;;
16/02/2024 03:17;;201,1;200,96;200,81;200,99;200,12;201,86;201,49;201,43;200,88;;;;;;
16/02/2024 03:18;;201,12;201,05;200,83;201,03;200,24;202,03;201,54;201,52;200,99;;;;;;
16/02/2024 03:19;;201,13;201;200,85;201,01;200,06;201,91;201,51;201,43;200,93;;;;;;
16/02/2024 03:20;;201,06;200,94;200,8;200,97;200,14;201,91;201,51;201,44;200,92;;;;;;
16/02/2024 03:21;;201,09;201,03;200,84;201,04;200,06;201,96;201,51;201,47;200,95;;;;;;
16/02/2024 03:22;;201,01;200,89;200,75;200,91;200,01;201,78;201,43;201,26;200,76;;;;;;
16/02/2024 03:23;;201,08;200,93;200,76;200,89;199,93;201,87;201,43;201,37;200,8;;;;;;
16/02/2024 03:24;;201,13;200,96;200,82;201;200,07;201,87;201,5;201,4;200,87;;;;;;
16/02/2024 03:25;;201,16;200,96;200,82;200,97;200,01;201,87;201,47;201,38;200,84;;;;;;
16/02/2024 03:26;;201,14;200,95;200,82;200,98;200,02;201,93;201,48;201,42;200,91;;;;;;
16/02/2024 03:27;;201,07;200,92;200,79;200,94;199,96;201,78;201,41;201,3;200,8;;;;;;
16/02/2024 03:28;;201,06;200,88;200,8;200,93;200,16;201,8;201,45;201,31;200,82;;;;;;
16/02/2024 03:29;;201,11;200,95;200,81;200,95;200,14;201,8;201,38;201,25;200,77;;;;;;
16/02/2024 03:30;;201,04;200,89;200,79;200,91;200,14;201,77;201,38;201,23;200,79;;;;;;
16/02/2024 03:31;;201,18;200,99;200,9;201,01;200,03;201,93;201,47;201,46;200,91;;;;;;
16/02/2024 03:32;;201,08;200,92;200,81;200,95;200,3;201,8;201,4;201,27;200,81;;;;;;
16/02/2024 03:33;;201,06;200,88;200,76;200,91;199,91;201,79;201,4;201,27;200,76;;;;;;
16/02/2024 03:34;;201,07;200,87;200,77;200,9;200,08;201,78;201,36;201,25;200,78;;;;;;
16/02/2024 03:35;;201,08;200,92;200,79;200,93;200,14;201,78;201,38;201,27;200,83;;;;;;
16/02/2024 03:36;;201,06;200,85;200,76;200,89;199,93;201,77;201,4;201,27;200,81;;;;;;
16/02/2024 03:37;;201,09;200,9;200,79;200,94;200,08;201,77;201,44;201,26;200,78;;;;;;
16/02/2024 03:38;;201,13;200,96;200,82;200,98;199,91;201,84;201,46;201,38;200,82;;;;;;
16/02/2024 03:39;;201,12;200,89;200,82;200,95;200,08;201,82;201,4;201,33;200,81;;;;;;
16/02/2024 03:40;;201,06;200,91;200,79;200,92;199,93;201,74;201,4;201,32;200,81;;;;;;
16/02/2024 03:41;;201,12;200,96;200,84;200,97;199,83;201,87;201,46;201,29;200,85;;;;;;
16/02/2024 03:42;;201,11;200,94;200,85;201;200,06;201,8;201,45;201,37;200,84;;;;;;
16/02/2024 03:43;;201,09;200,98;200,87;200,97;200,02;201,81;201,42;201,36;200,85;;;;;;
16/02/2024 03:44;;201,12;200,91;200,83;200,95;200,03;201,76;201,34;201,31;200,77;;;;;;
16/02/2024 03:45;;201,15;200,99;200,88;200,99;200,14;201,83;201,43;201,34;200,85;;;;;;
16/02/2024 03:46;;201,12;200,95;200,85;200,99;200,09;201,69;201,38;201,21;200,72;;;;;;
16/02/2024 03:47;;201,14;201;200,87;201,01;200,21;201,85;201,47;201,43;200,88;;;;;;
16/02/2024 03:48;;201,1;200,93;200,85;200,96;200,06;201,8;201,44;201,3;200,83;;;;;;
16/02/2024 03:49;;201,11;200,88;200,81;200,96;200,14;201,77;201,43;201,28;200,82;;;;;;
16/02/2024 03:50;;201,01;200,86;200,75;200,89;199,97;201,69;201,33;201,25;200,73;;;;;;
16/02/2024 03:51;;201,16;200,99;200,87;201;200,18;201,83;201,42;201,28;200,85;;;;;;
16/02/2024 03:52;;201,04;200,88;200,81;200,89;199,81;201,68;201,32;201,25;200,72;;;;;;
16/02/2024 03:53;;203,29;203,26;202,7;203,36;203,11;205,35;203,84;205,1;203,96;;;;;;
16/02/2024 03:54;;211,68;212,03;210,32;212,33;212,4;215,25;212,59;215,27;213,76;;;;;;
16/02/2024 03:55;;218,9;219,69;217,23;220,03;220,97;223,38;219,99;223,57;222,17;;;;;;
16/02/2024 03:56;;225,29;226;223,07;226,26;227,39;230,13;226,37;230,48;228,91;;;;;;
16/02/2024 03:57;;230,57;231,46;228,47;232,06;233,37;235,97;231,82;236,37;234,66;;;;;;
16/02/2024 03:58;;235,68;236,55;233,26;236,95;238,1;240,66;237,19;241,73;239,84;;;;;;
16/02/2024 03:59;;240,29;241,18;238,02;241,5;243,15;245,51;241,74;246,64;244,57;;;;;;
16/02/2024 04:00;;244,87;245,73;242,33;246,27;247,55;249,92;246,37;251,19;249,36;;;;;;
16/02/2024 04:01;;249,12;250,32;246,74;250,81;252,06;254,47;250,64;255,74;253,72;;;;;;
16/02/2024 04:02;;253,52;254,65;250,91;254,9;256,37;258,8;254,95;259,81;258;;;;;;
16/02/2024 04:03;;257,45;258,47;255,13;258,84;260,55;262,96;259,16;264,21;262,07;;;;;;
16/02/2024 04:04;;261,49;262,28;259,02;262,65;264,44;267,05;263,09;268,05;266,05;;;;;;
16/02/2024 04:05;;265,35;266,35;263,05;266,91;268,5;270,98;266,94;271,85;270,1;;;;;;
16/02/2024 04:06;;269,38;270,17;266,9;270,63;272,38;274,65;270,83;275,69;273,93;;;;;;
16/02/2024 04:07;;273,31;273,86;270,74;274,68;276,3;278,83;274,77;279,65;277,69;;;;;;
16/02/2024 04:08;;277,11;277,86;274,57;278,37;279,93;282,77;278,63;283,34;281,55;;;;;;
16/02/2024 04:09;;280,73;281,54;278,17;282,11;283,65;286,54;282,32;287,11;285,26;;;;;;
16/02/2024 04:10;;284,45;285,19;282,04;285,82;287,3;290,27;286,17;291,07;288,81;;;;;;
16/02/2024 04:11;;288,12;288,99;285,71;289,51;290,66;293,6;289,56;294,29;292,44;;;;;;
16/02/2024 04:12;;291,79;292,56;289,34;293,08;294,23;297,28;293,29;297,79;296,06;;;;;;
16/02/2024 04:13;;295,35;295,98;292,93;296,56;297,59;301,04;296,77;301,53;299,58;;;;;;
16/02/2024 04:14;;298,71;299,51;296,34;300,24;301,53;304,54;300,26;304,9;303,23;;;;;;
16/02/2024 04:15;;302,32;302,92;299,9;303,64;304,62;307,98;303,85;308,66;306,54;;;;;;
16/02/2024 04:16;;305,78;306,62;303,46;307,13;308,31;311,83;307,17;311,79;310,12;;;;;;
16/02/2024 04:17;;309,39;309,95;306,95;310,69;311,56;315,02;310,64;315,3;313,41;;;;;;
16/02/2024 04:18;;312,72;313,31;310,38;313,96;314,92;318,14;314,11;318,6;317;;;;;;
16/02/2024 04:19;;316,2;316,65;313,81;317,55;318,38;321,87;317,67;322,1;320,27;;;;;;
16/02/2024 04:20;;319,56;319,54;317,23;320,78;321,54;325,06;320,9;325,2;323,51;;;;;;
16/02/2024 04:21;;322,75;323,49;320,52;324,13;324,63;328,24;324,05;328,48;326,85;;;;;;
16/02/2024 04:22;;326,08;326,52;323,71;327,37;328,23;331,7;327,37;331,82;330,13;;;;;;
16/02/2024 04:23;;329,27;329,66;327,04;330,48;331,22;334,92;330,62;334,95;333,18;;;;;;
16/02/2024 04:24;;332,54;332,92;330,32;333,73;334,18;338,13;333,9;338,2;336,55;;;;;;
16/02/2024 04:25;;335,83;336,11;333,61;337,04;337,46;341,35;337,18;341,42;339,73;;;;;;
16/02/2024 04:26;;338,98;339,27;336,81;340,14;340,79;344,8;340,28;344,65;343,04;;;;;;
16/02/2024 04:27;;342,06;342,36;339,91;343,34;343,86;348,16;343,42;347,6;346,05;;;;;;
16/02/2024 04:28;;345,37;345,53;343,24;346,46;347,31;351,54;346,67;350,89;349,28;;;;;;
16/02/2024 04:29;;348,47;348,59;346,25;349,72;350,11;354,1;349,77;353,98;352,35;;;;;;
16/02/2024 04:30;;351,51;351,9;349,53;352,83;353,05;357,02;352,92;357,01;355,39;;;;;;
16/02/2024 04:31;;354,65;355,09;352,67;355,84;356,24;360,22;356,1;360,04;358,51;;;;;;
16/02/2024 04:32;;357,7;358,29;355,58;358,89;359,21;363,3;359;362,88;361,48;;;;;;
16/02/2024 04:33;;360,71;361,36;358,73;362;362,14;366,31;362,11;365,94;364,55;;;;;;
16/02/2024 04:34;;363,78;364,23;361,72;364,91;365,26;369,59;365,12;368,91;367,51;;;;;;
16/02/2024 04:35;;366,83;366,83;364,73;367,98;367,87;372,34;368,11;371,86;370,47;;;;;;
16/02/2024 04:36;;369,76;369,84;367,85;371,02;371,08;375,58;371,07;374,83;373,48;;;;;;
16/02/2024 04:37;;372,71;373,08;370,8;373,83;374,21;378,67;374,09;377,86;376,53;;;;;;
16/02/2024 04:38;;375,74;376,27;373,87;376,9;376,9;381,3;377,14;380,88;379,53;;;;;;
16/02/2024 04:39;;378,82;378,7;376,79;379,83;379,86;384,69;380,12;383,54;382,4;;;;;;
16/02/2024 04:40;;381,67;381,91;379,81;382,8;382,85;387,62;382,88;386,83;385,39;;;;;;
16/02/2024 04:41;;383,3;383,55;381,65;384,32;383,87;388,48;384,52;387,65;386,51;;;;;;
16/02/2024 04:42;;384,24;384,18;382,69;384,9;384,18;388,75;385,29;388,16;386,83;;;;;;
16/02/2024 04:43;;385,03;384,99;383,62;385,61;384,89;389,35;386,13;388,36;387,34;;;;;;
16/02/2024 04:44;;385,65;385,46;384,28;386,02;384,92;389,58;386,67;388,51;387,49;;;;;;
16/02/2024 04:45;;385,84;385,78;384,67;386,18;384,56;389,36;386,77;388,32;387,33;;;;;;
16/02/2024 04:46;;386,04;385,88;384,93;386,22;384,33;389,24;386,89;388,29;387,25;;;;;;
16/02/2024 04:47;;386;385,82;385,1;386,11;384,36;388,98;386,92;387,83;386,91;;;;;;
16/02/2024 04:48;;386,18;385,88;385,23;386,16;384,07;388,91;386,92;387,69;386,8;;;;;;
16/02/2024 04:49;;386,28;386,05;385,39;386,23;384,27;388,93;386,94;387,61;386,67;;;;;;
16/02/2024 04:50;;386,42;386,15;385,61;386,29;384;388,89;387,01;387,61;386,73;;;;;;
16/02/2024 04:51;;386,45;386,21;385,67;386,33;383,91;388,63;386,99;387,48;386,6;;;;;;
16/02/2024 04:52;;386,54;386,27;385,82;386,38;384,02;388,68;386,99;387,54;386,66;;;;;;
16/02/2024 04:53;;386,51;386,16;385,78;386,26;383,85;388,48;386,9;387,16;386,45;;;;;;
16/02/2024 04:54;;386,45;386,16;385,75;386,22;383,62;388,28;386,84;387,05;386,31;;;;;;
16/02/2024 04:55;;386,42;386,13;385,79;386,24;383,56;388,31;386,82;387,1;386,27;;;;;;
16/02/2024 04:56;;386,49;386,24;385,85;386,23;383,52;388,34;386,84;387,02;386,29;;;;;;
16/02/2024 04:57;;386,57;386,22;385,93;386,33;383,7;388,23;386,86;386,98;386,29;;;;;;
16/02/2024 04:58;;386,52;386,18;385,9;386,22;383,57;388,21;386,77;386,96;386,2;;;;;;
16/02/2024 04:59;;386,54;386,19;385,88;386,25;383,52;388,21;386,8;387;386,17;;;;;;
16/02/2024 05:00;;386,47;386,12;385,87;386,21;383,44;388,01;386,66;386,74;386,04;;;;;;
16/02/2024 05:01;;386,53;386,37;385,95;386,26;383,56;388,22;386,8;386,69;386,14;;;;;;
16/02/2024 05:02;;386,64;386,35;386,07;386,34;383,53;388,12;386,82;387,03;386,24;;;;;;
16/02/2024 05:03;;386,62;386,27;386,04;386,3;383,4;388,03;386,76;386,88;386,09;;;;;;
16/02/2024 05:04;;386,6;386,29;386,04;386,31;383,66;388,2;386,84;386,84;386,18;;;;;;
16/02/2024 05:05;;386,73;386,39;386,16;386,44;383,57;388,17;386,88;387;386,26;;;;;;
16/02/2024 05:06;;386,62;386,28;386,04;386,36;383,48;388,04;386,74;386,74;386,09;;;;;;
16/02/2024 05:07;;386,57;386,29;386,04;386,28;383,5;388,13;386,68;386,82;386,12;;;;;;
16/02/2024 05:08;;386,61;386,22;386,02;386,25;383,27;387,98;386,65;386,81;386,01;;;;;;
16/02/2024 05:09;;386,57;386,25;386,02;386,25;383,19;387,94;386,71;386,75;386,01;;;;;;
16/02/2024 05:10;;386,7;386,34;386,11;386,38;383,37;387,97;386,67;386,85;386,06;;;;;;
16/02/2024 05:11;;386,55;386,24;386,06;386,3;383,35;387,89;386,61;386,7;386,05;;;;;;
16/02/2024 05:12;;386,4;386,12;385,96;386,11;383,19;387,83;386,45;386,75;385,87;;;;;;
16/02/2024 05:13;;386,7;386,36;386,12;386,39;383,34;388,1;386,77;386,89;386,08;;;;;;
16/02/2024 05:14;;386,63;386,38;386,15;386,4;383,45;388,11;386,74;386,88;386,16;;;;;;
16/02/2024 05:15;;386,72;386,37;386,11;386,39;383,48;387,97;386,67;386,87;386,13;;;;;;
16/02/2024 05:16;;386,7;386,34;386,16;386,43;383,25;388,01;386,77;386,82;386,08;;;;;;
16/02/2024 05:17;;386,57;386,2;386,02;386,23;383,44;387,82;386,58;386,7;385,96;;;;;;
16/02/2024 05:18;;386,56;386,22;386,03;386,24;383,04;387,88;386,56;386,73;385,88;;;;;;
16/02/2024 05:19;;386,61;386,22;386,06;386,28;383,1;387,87;386,65;386,7;385,96;;;;;;
16/02/2024 05:20;;386,54;386,26;386,08;386,27;383,05;387,86;386,64;386,69;386,01;;;;;;
16/02/2024 05:21;;386,59;386,22;386,07;386,25;383,06;387,8;386,54;386,62;385,9;;;;;;
16/02/2024 05:22;;386,58;386,23;386,07;386,25;383,35;387,81;386,51;386,75;385,98;;;;;;
16/02/2024 05:23;;386,61;386,25;386,11;386,34;383,29;387,85;386,66;386,78;386,02;;;;;;
16/02/2024 05:24;;386,6;386,25;386,12;386,31;383,18;387,91;386,58;386,85;386,01;;;;;;
16/02/2024 05:25;;386,71;386,41;386,21;386,47;383,5;388,07;386,7;386,99;386,15;;;;;;
16/02/2024 05:26;;386,7;386,31;386,19;386,4;383,28;387,89;386,64;386,79;386,03;;;;;;
16/02/2024 05:27;;387,57;387,29;386,85;387,35;385,07;389,8;387,63;388,44;387,43;;;;;;
16/02/2024 05:28;;393,18;393,05;391,9;393,64;391,73;396,81;393,34;395,84;394,61;;;;;;
16/02/2024 05:29;;397,95;397,89;396,43;398,76;397,44;402,27;398,31;401,35;400,19;;;;;;
16/02/2024 05:30;;402,07;402,08;400,44;403,07;401,89;406,81;402,42;406,07;404,83;;;;;;
16/02/2024 05:31;;405,64;405,65;404,03;406,8;405,62;410,85;406,23;409,99;408,68;;;;;;
16/02/2024 05:32;;409,3;409,14;407,38;410,28;408,98;414,34;409,75;413,79;412,28;;;;;;
16/02/2024 05:33;;412,44;412,46;410,73;413,67;412,61;417,75;413,02;417,11;415,77;;;;;;
16/02/2024 05:34;;415,86;415,72;414;416,9;416,04;421,42;416,54;420,46;419,07;;;;;;
16/02/2024 05:35;;418,93;419,01;417,15;420,17;419,23;424,23;419,63;423,56;422,35;;;;;;
16/02/2024 05:36;;422,26;421,65;420,31;423,26;422,63;427,9;422,94;426,69;425,47;;;;;;
16/02/2024 05:37;;425,15;425,1;423,44;426,35;425,51;430,9;425,98;429,88;428,57;;;;;;
16/02/2024 05:38;;428,2;427,91;426,55;429,36;428,86;434,07;429,2;432,85;431,66;;;;;;
16/02/2024 05:39;;431,26;431,15;429,41;432,31;431,43;436,79;432,16;435,99;434,66;;;;;;
16/02/2024 05:40;;434,16;433,84;432,45;435,27;434,76;439,59;435,03;438,56;437,48;;;;;;
16/02/2024 05:41;;437,15;436,77;435,36;438,18;437,47;442,76;438,01;441,59;440,48;;;;;;
16/02/2024 05:42;;439,95;439,91;438,26;441,05;440,25;445,65;440,87;444,57;443,27;;;;;;
16/02/2024 05:43;;442,75;442,54;441,15;443,86;443,19;448,45;443,76;447,37;446,14;;;;;;
16/02/2024 05:44;;445,73;445,34;443,96;446,75;445,97;451,16;446,67;450,29;448,9;;;;;;
16/02/2024 05:45;;448,35;448,22;446,77;449,52;448,49;454,03;449,45;452,99;451,73;;;;;;
16/02/2024 05:46;;451,28;451,03;449,62;452,28;451,63;456,97;452,34;455,72;454,51;;;;;;
16/02/2024 05:47;;454,17;453,72;452,51;455,08;454,39;459,96;455,23;458,47;457,37;;;;;;
16/02/2024 05:48;;456,91;456,72;455,22;457,87;457,05;462,32;457,79;461,23;460,13;;;;;;
16/02/2024 05:49;;459,55;459,32;457,88;460,53;459,66;465,1;460,59;463,89;462,8;;;;;;
16/02/2024 05:50;;462,3;461,91;460,66;463,28;462,52;467,94;463,26;466,62;465,51;;;;;;
16/02/2024 05:51;;464,93;464,85;463,31;465,89;465,04;470,34;465,92;469,31;468,06;;;;;;
16/02/2024 05:52;;467,57;467,18;465,94;468,47;467,57;473,48;468,55;471,69;470,52;;;;;;
16/02/2024 05:53;;470,16;469,89;468,56;471,12;470,13;475,75;471,34;474,46;473,37;;;;;;
16/02/2024 05:54;;472,87;472,52;471,27;473,73;472,39;478,05;473,74;477,04;475,84;;;;;;
16/02/2024 05:55;;475,42;475,15;473,76;476,2;475,34;480,55;476,24;479,56;478,3;;;;;;
16/02/2024 05:56;;477,94;477,6;476,38;478,79;477,67;483,19;478,9;482,01;480,85;;;;;;
16/02/2024 05:57;;480,43;480,2;478,8;481,34;480,08;485,63;481,37;484,36;483,33;;;;;;
16/02/2024 05:58;;482,97;482,65;481,3;483,83;482,28;488,12;483,95;486,85;485,86;;;;;;
16/02/2024 05:59;;485,4;485,22;483,82;486,22;485,14;490,82;486,47;489,31;488,29;;;;;;
16/02/2024 06:00;;487,88;487,8;486,38;488,79;487,35;492,75;488,73;491,79;490,77;;;;;;
16/02/2024 06:01;;490,32;490,08;488,78;491,2;489,97;495,66;491,31;494,25;493,18;;;;;;
16/02/2024 06:02;;492,72;492,59;491,32;493,72;492,48;497,99;493,67;496,71;495,7;;;;;;
16/02/2024 06:03;;495,29;495;493,84;496,18;495,03;500,47;496,31;499,19;498,22;;;;;;
16/02/2024 06:04;;497,77;497,61;496,23;498,65;497,16;502,81;498,66;501,56;500,72;;;;;;
16/02/2024 06:05;;500,21;499,94;498,71;501,05;499,8;505,58;501,12;503,96;503,06;;;;;;
16/02/2024 06:06;;502,73;502,2;501,08;503,39;502,13;508,09;503,69;506,22;505,42;;;;;;
16/02/2024 06:07;;504,99;504,63;503,4;505,79;504,44;510,13;505,88;508,64;507,84;;;;;;
16/02/2024 06:08;;507,3;507,13;505,86;508,14;506,68;512,27;508,22;511,04;510,12;;;;;;
16/02/2024 06:09;;509,61;509,65;508,28;510,49;509,23;514,79;510,78;513,32;512,5;;;;;;
16/02/2024 06:10;;511,95;511,87;510,66;512,86;511,48;516,99;512,93;515,76;514,82;;;;;;
16/02/2024 06:11;;514,35;514,19;512,96;515,29;513,63;519,45;515,37;517,85;517,22;;;;;;
16/02/2024 06:12;;516,76;516,45;515,33;517,51;516,21;521,85;517,93;520,22;519,46;;;;;;
16/02/2024 06:13;;519,05;519,04;517,71;519,87;518,64;524,03;520,18;522,65;521,8;;;;;;
16/02/2024 06:14;;521,48;521,27;519,99;522,23;520,81;526,46;522,48;525,02;524,26;;;;;;
16/02/2024 06:15;;523,75;523,53;522,4;524,54;523,29;528,98;524,84;527,17;526,52;;;;;;
16/02/2024 06:16;;526,1;525,68;524,68;526,77;525,26;531,24;527,01;529,52;528,71;;;;;;
16/02/2024 06:17;;528,4;528,12;526,97;529,13;527,72;533,23;529,46;531,89;531,04;;;;;;
16/02/2024 06:18;;530,53;530,24;529,23;531,29;529,75;535,36;531,49;533,86;533,22;;;;;;
16/02/2024 06:19;;532,13;531,81;530,79;532,73;531,12;536,55;533,07;535;534,4;;;;;;
16/02/2024 06:20;;533,41;533,26;532,23;533,89;532,09;537,47;534,23;536,17;535,41;;;;;;
16/02/2024 06:21;;534,55;534,31;533,38;534,93;533,2;538,49;535,36;537,01;536,34;;;;;;
16/02/2024 06:22;;535,43;535,17;534,35;535,67;533,72;539,07;536,19;537,58;536,91;;;;;;
16/02/2024 06:23;;536,02;535,75;534,95;536,15;533,98;539,31;536,64;537,77;537,22;;;;;;
16/02/2024 06:24;;536,44;536,18;535,49;536,43;534,31;539,48;537,07;537,91;537,24;;;;;;
16/02/2024 06:25;;536,65;536,42;535,83;536,6;534,14;539,31;537,25;537,95;537,31;;;;;;
16/02/2024 06:26;;536,95;536,62;536,04;536,76;534,19;539,31;537,33;537,87;537,26;;;;;;
16/02/2024 06:27;;537,12;536,85;536,34;536,93;534,37;539,24;537,43;537,94;537,31;;;;;;
16/02/2024 06:28;;537,11;536,87;536,35;536,87;534,09;539;537,33;537,74;537,1;;;;;;
16/02/2024 06:29;;537,21;536,99;536,49;536,93;534;539,01;537,29;537,81;537,03;;;;;;
16/02/2024 06:30;;537,16;537,03;536,49;536,86;534;538,97;537,33;537,58;536,96;;;;;;
16/02/2024 06:31;;537,17;536,9;536,55;536,84;534,26;538,73;537,25;537,48;536,93;;;;;;
16/02/2024 06:32;;537,37;537,11;536,67;537,02;534,16;538,91;537,34;537,58;537,03;;;;;;
16/02/2024 06:33;;537,38;537,06;536,73;537,01;534,2;538,76;537,28;537,41;536,9;;;;;;
16/02/2024 06:34;;537,38;537,15;536,72;537;533,81;538,83;537,28;537,46;536,86;;;;;;
16/02/2024 06:35;;537,44;537,27;536,78;537;534,06;538,76;537,25;537,38;536,87;;;;;;
16/02/2024 06:36;;537,46;537,1;536,82;537,01;533,92;538,6;537,18;537,34;536,77;;;;;;
16/02/2024 06:37;;537,34;536,99;536,71;536,94;533,82;538,43;537,14;537,23;536,67;;;;;;
16/02/2024 06:38;;537,48;537,2;536,86;537,1;533,92;538,79;537,23;537,36;536,9;;;;;;
16/02/2024 06:39;;537,46;537,12;536,86;537,06;533,89;538,65;537,19;537,38;536,81;;;;;;
16/02/2024 06:40;;537,45;537,17;536,9;537,03;533,87;538,59;537,13;537,31;536,83;;;;;;
16/02/2024 06:41;;537,4;537,13;536,82;536,96;533,77;538,63;537,1;537,26;536,69;;;;;;
16/02/2024 06:42;;537,57;537,31;536,95;537,11;534,03;538,68;537,19;537,2;536,88;;;;;;
16/02/2024 06:43;;537,44;537,2;536,88;537,03;534,06;538,58;537,08;537,14;536,78;;;;;;
16/02/2024 06:44;;537,5;537,18;536,87;537,03;533,97;538,52;537,1;537,15;536,68;;;;;;
16/02/2024 06:45;;537,54;537,23;536,92;537,06;533,86;538,63;537,09;537,23;536,78;;;;;;
16/02/2024 06:46;;537,54;537,34;536,94;537,1;533,81;538,58;537,17;537,2;536,75;;;;;;
16/02/2024 06:47;;537,49;537,08;536,9;537,06;533,59;538,45;537,03;537,08;536,58;;;;;;
16/02/2024 06:48;;537,53;537,33;536,99;537,09;534;538,78;537,08;537,24;536,82;;;;;;
16/02/2024 06:49;;537,59;537,16;537;537,13;533,82;538,54;537,06;537,15;536,78;;;;;;
16/02/2024 06:50;;537,46;537,12;536,89;537;533,88;538,42;536,99;537,06;536,64;;;;;;
16/02/2024 06:51;;537,41;537,17;536,87;536,99;533,66;538,25;537;536,98;536,55;;;;;;
16/02/2024 06:52;;537,48;537,29;536,9;536,98;533,62;538,47;536,96;537,1;536,58;;;;;;
16/02/2024 06:53;;537,52;537,18;536,94;537,06;533,74;538,48;536,95;537,2;536,73;;;;;;
16/02/2024 06:54;;537,44;537,07;536,87;536,99;533,53;538,32;536,94;537,1;536,57;;;;;;
16/02/2024 06:55;;537,48;537,13;536,88;537,01;533,7;538,3;536,91;537,04;536,56;;;;;;
16/02/2024 06:56;;537,38;537,2;536,84;536,89;533,58;538,4;536,94;536,96;536,5;;;;;;
16/02/2024 06:57;;537,4;537,37;536,85;536,97;533,93;538,52;536,98;537;536,61;;;;;;
16/02/2024 06:58;;537,41;537,31;536,88;536,94;533,72;538,47;536,96;537,07;536,54;;;;;;
16/02/2024 06:59;;537,57;537,24;537;537,11;533,86;538,51;537,09;537,17;536,75;;;;;;
16/02/2024 07:00;;537,55;537,22;537,01;537,07;533,9;538,44;537,02;537,25;536,72;;;;;;
16/02/2024 07:01;;537,54;537,38;537,02;537,08;533,86;538,49;537;537,06;536,64;;;;;;
16/02/2024 07:02;;537,46;537,51;536,97;537,02;534,1;538,58;537,02;537,07;536,61;;;;;;
16/02/2024 07:03;;537,49;537,27;536,94;536,99;533,92;538,37;537,04;537,02;536,59;;;;;;
16/02/2024 07:04;;537,44;537,16;536,89;536,96;533,47;538,33;536,87;537,09;536,46;;;;;;
16/02/2024 07:05;;537,45;537,19;536,87;537;533,74;538,3;536,88;536,97;536,6;;;;;;
16/02/2024 07:06;;496,7;475,78;467,17;470,2;463,44;444,35;434,5;433,87;463,04;;;;;;
16/02/2024 07:07;;481,29;455,5;444,83;453,07;443,02;402,68;407,1;419,68;445,23;;;;;;
16/02/2024 07:08;;467,86;441,34;431,44;441,71;426,89;385,3;390,28;406,27;432,67;;;;;;
16/02/2024 07:09;;455,71;428,48;419,29;430,11;416,51;370,77;378,09;393,84;420,12;;;;;;
16/02/2024 07:10;;444,54;416,96;408,36;419,45;407,69;359,23;366,17;382,8;409,25;;;;;;
16/02/2024 07:11;;433,34;406,37;397,49;409,86;392,69;350,46;354,46;372,63;399,07;;;;;;
16/02/2024 07:12;;422,33;395,25;388,05;400,75;387,85;333,49;344,07;363;389,49;;;;;;
16/02/2024 07:13;;411,1;385,24;377,8;392,1;375,9;321,92;333,62;356,58;379,39;;;;;;
16/02/2024 07:14;;401,76;376,04;368,45;381,64;367,92;311,53;323,98;345,97;371,24;;;;;;
16/02/2024 07:15;;391,63;365,47;359,54;374,3;365,57;301,02;313,17;338,33;360,79;;;;;;
16/02/2024 07:16;;382,4;357,04;351,54;365,14;352,22;294,39;307,96;330,76;353,55;;;;;;
16/02/2024 07:17;;373,09;348,3;343,51;358,3;346,65;284,01;298,78;324,09;345,44;;;;;;
16/02/2024 07:18;;364,21;340,36;335,74;349,88;340,17;277,17;291,38;317,39;337,46;;;;;;
16/02/2024 07:19;;355,18;331,59;327,38;342,54;332,43;268,62;284,06;313,07;329,09;;;;;;
16/02/2024 07:20;;346,88;325;320,11;336,52;326,25;261,93;276,46;301,97;321,67;;;;;;
16/02/2024 07:21;;338,46;317;312,29;329,12;318,63;254,76;269,43;298,56;314,67;;;;;;
16/02/2024 07:22;;330,71;308,97;306,16;322,99;313,49;245,81;261,34;294,22;306,36;;;;;;
16/02/2024 07:23;;322,59;302,1;299,26;316,94;307,96;241,46;256,27;286,95;300,13;;;;;;
16/02/2024 07:24;;316,11;295,41;292,51;308,97;301,57;236,11;250,3;282,24;293,96;;;;;;
16/02/2024 07:25;;308;288,64;285,91;304,81;296,91;229,2;242,73;278,6;286,13;;;;;;
16/02/2024 07:26;;301,28;281,95;280,11;297,64;290,4;225,13;239,63;271,08;279,67;;;;;;
16/02/2024 07:27;;294,53;275,68;274,14;291,84;285,87;218,9;233,49;268,84;273,64;;;;;;
16/02/2024 07:28;;287,45;270,48;267,81;286,35;279,41;213,95;227,08;260,66;268,75;;;;;;
16/02/2024 07:29;;281,65;264,42;262,65;279,28;274,9;211,8;222,57;255,62;263,38;;;;;;
16/02/2024 07:30;;275,33;258,88;256,72;274,11;269,42;204,5;219,13;251,23;257,43;;;;;;
16/02/2024 07:31;;269,67;253,49;251,6;268,3;264,4;199,61;213,06;248,24;252,69;;;;;;
16/02/2024 07:32;;263,95;248,54;246,37;262,68;258,71;196,68;209,84;243,71;247,54;;;;;;
16/02/2024 07:33;;258,16;243,13;240,98;257,67;255,58;192,59;205,24;235,84;241,74;;;;;;
16/02/2024 07:34;;253,27;238,21;236;251,22;250,68;189,54;202,69;228,87;237,98;;;;;;
16/02/2024 07:35;;247,81;233,84;231,23;246,55;246,55;186,31;197,92;226,49;233,04;;;;;;
16/02/2024 07:36;;242,51;229,41;226,06;241,8;241,18;180,81;193,63;222,98;228,95;;;;;;
16/02/2024 07:37;;237,91;224,87;221,22;236,1;237,37;179,15;190,3;216,53;223,77;;;;;;
16/02/2024 07:38;;232,87;220,5;217,1;231,55;232,84;174,1;185,95;211,29;219,77;;;;;;
16/02/2024 07:39;;228,35;216,14;212,76;227,49;229,32;171,77;182,33;206,82;215,51;;;;;;
16/02/2024 07:40;;223,51;211,45;208,38;223,27;224,37;168,13;179,13;203,33;210,46;;;;;;
16/02/2024 07:41;;219,34;207,62;204,41;218,76;220,66;165,35;176,52;197,8;207,02;;;;;;
16/02/2024 07:42;;214,54;203,73;200,48;213,94;216;163,13;173,46;195,14;203,61;;;;;;
16/02/2024 07:43;;210,3;200,21;196,5;210,08;212,23;158,87;169,41;192,85;200,12;;;;;;
16/02/2024 07:44;;169,14;140,89;131,88;169,03;102,26;75,11;76,83;83,17;79,02;;;;;;
16/02/2024 07:45;;36,92;28,2;38,07;38,05;31,15;26,37;30,23;30,76;27,88;;;;;;
16/02/2024 07:46;;23,96;20,98;30,71;26,16;24,26;23,13;25,72;24,9;23,3;;;;;;
16/02/2024 07:47;;16,43;19,35;23,66;24,91;21,79;24,53;23,79;23,85;21,79;;;;;;
16/02/2024 07:48;;20,13;140,63;22,08;24,11;23,45;-55135,73;-2516,73;23,56;19,15;;;;;;
16/02/2024 07:49;;<GAMME;<GAMME;<GAMME;<GAMME;<GAMME;<GAMME;<GAMME;<GAMME;<GAMME;;;;;;
16/02/2024 07:50;;<GAMME;<GAMME;<GAMME;<GAMME;<GAMME;<GAMME;<GAMME;<GAMME;<GAMME;;;;;;
16/02/2024 07:51;;<GAMME;<GAMME;<GAMME;<GAMME;<GAMME;<GAMME;<GAMME;<GAMME;<GAMME;;;;;;
16/02/2024 07:52;;<GAMME;<GAMME;<GAMME;<GAMME;<GAMME;<GAMME;<GAMME;<GAMME;<GAMME;;;;;;
16/02/2024 07:53;;<GAMME;<GAMME;<GAMME;<GAMME;<GAMME;<GAMME;<GAMME;<GAMME;<GAMME;;;;;;
16/02/2024 07:54;;<GAMME;<GAMME;<GAMME;<GAMME;<GAMME;<GAMME;<GAMME;<GAMME;<GAMME;;;;;;
16/02/2024 07:55;;<GAMME;<GAMME;<GAMME;<GAMME;<GAMME;<GAMME;<GAMME;<GAMME;<GAMME;;;;;;
16/02/2024 07:56;;<GAMME;<GAMME;<GAMME;<GAMME;<GAMME;<GAMME;<GAMME;<GAMME;<GAMME;;;;;;
16/02/2024 07:57;;<GAMME;<GAMME;<GAMME;<GAMME;<GAMME;<GAMME;<GAMME;<GAMME;<GAMME;;;;;;
16/02/2024 07:58;;<GAMME;<GAMME;<GAMME;<GAMME;<GAMME;<GAMME;<GAMME;<GAMME;<GAMME;;;;;;
16/02/2024 07:59;;<GAMME;<GAMME;<GAMME;<GAMME;<GAMME;<GAMME;<GAMME;<GAMME;<GAMME;;;;;;
16/02/2024 08:00;;<GAMME;<GAMME;<GAMME;<GAMME;<GAMME;<GAMME;<GAMME;<GAMME;<GAMME;;;;;;
16/02/2024 08:01;;<GAMME;<GAMME;<GAMME;<GAMME;<GAMME;<GAMME;<GAMME;<GAMME;<GAMME;;;;;;
16/02/2024 08:02;;<GAMME;<GAMME;<GAMME;<GAMME;<GAMME;<GAMME;<GAMME;<GAMME;<GAMME;;;;;;
16/02/2024 08:03;;<GAMME;<GAMME;<GAMME;<GAMME;<GAMME;<GAMME;<GAMME;<GAMME;<GAMME;;;;;;
16/02/2024 08:04;;<GAMME;<GAMME;<GAMME;<GAMME;<GAMME;<GAMME;<GAMME;<GAMME;<GAMME;;;;;;
16/02/2024 08:05;;<GAMME;<GAMME;<GAMME;<GAMME;<GAMME;<GAMME;<GAMME;<GAMME;<GAMME;;;;;;
