Appareil;Nom=;6100 PORTABLE;;Numéro de série=;8480381;;Version de logiciel=;5.7;;;
;Adresse MAC=;00:0A:8D:81:66:7D;;Langue=;fr;;Pays=;FR;;Fuseau horaire=;GMT
Groupe;Group 1;;;;;;;;;;
TC1;Bas=;20;Haut=;550;Unités=;°C;;;;;
TC2;Bas=;20;Haut=;550;Unités=;°C;;;;;
TC3;Bas=;20;Haut=;550;Unités=;°C;;;;;
TC4;Bas=;20;Haut=;550;Unités=;°C;;;;;
TC5;Bas=;20;Haut=;550;Unités=;°C;;;;;
TC6;Bas=;20;Haut=;550;Unités=;°C;;;;;
TC7;Bas=;20;Haut=;550;Unités=;°C;;;;;
TC8;Bas=;20;Haut=;550;Unités=;°C;;;;;
TC9;Bas=;20;Haut=;550;Unités=;°C;;;;;
Date/Heure;;TC1;TC2;TC3;TC4;TC5;TC6;TC7;TC8;TC9;
;;°C;°C;°C;°C;°C;°C;°C;°C;°C;
12/02/24 18:35:47.625;12/02/24 18:35:47 Mise sous tension;;;;;;;;;;
12/02/24 18:35:47.625;12/02/24 18:35:47 Version de config:561 Version de sécurité:1;;;;;;;;;;
12/02/24 18:35:48.5;12/02/24 18:35:48 Stockage actif;;;;;;;;;;
12/02/2024 18:36;;19,17;18,18;18,36;18,89;15,31;15,1;15,23;15,42;16,48;
12/02/2024 18:37;;19,2;18,36;18,62;18,95;15,01;14,96;15;15,05;16,42;
12/02/2024 18:38;;19,38;19,08;18,91;19,11;15,24;15,18;15,28;15,43;16,32;
12/02/2024 18:39;;17,5;16,14;16,63;17,15;15,6;15,53;15,41;15,14;15,05;
12/02/2024 18:40;;15,74;16,05;15,45;14,98;15,37;15,5;15,36;15,22;15,4;
12/02/2024 18:41;;15,9;16,28;15,78;15,05;15,44;15,49;15,48;15,29;15,82;
12/02/2024 18:42;;21,9;26,06;24,2;31,42;16,02;15,94;16,09;15,85;17,08;
12/02/2024 18:43;;395,97;389,13;392,45;399,61;391,4;407,45;277,62;395,38;389,04;
12/02/2024 18:44;;358,38;346,62;337,98;356,71;369,16;308,44;240,61;324,74;347,66;
12/02/2024 18:45;;350,52;337,74;327,67;346,92;359,88;292,92;248,5;314,23;339,95;
12/02/2024 18:46;;344,14;329,61;320,18;340,22;351,11;286,72;252,69;306,98;334;
12/02/2024 18:47;;337,44;322,84;312,93;332,36;344;275,63;254,29;300,02;327;
12/02/2024 18:48;;330,94;315,85;306,41;325,8;336,71;266,47;254,04;292,07;319,74;
12/02/2024 18:49;;323,76;308,8;299,25;319,13;329,54;260,14;252,34;286,58;312,06;
12/02/2024 18:50;;317,44;302,32;292,98;312,38;322,57;253,84;248,89;278,35;305,99;
12/02/2024 18:51;;310,83;295,55;286,73;305,57;315,81;245,54;245,3;273,94;298,17;
12/02/2024 18:52;;304,34;289,56;279,98;299,12;310,63;237,83;241,63;268,03;292,15;
12/02/2024 18:53;;297,59;282,39;274,54;293,04;304,12;232,36;237,4;263,63;285,76;
12/02/2024 18:54;;291,14;276,6;268,35;288,1;298,69;225,06;233,04;258,75;279,4;
12/02/2024 18:55;;285,1;270,93;262,82;281,96;291,48;222,07;228,76;251,92;273,66;
12/02/2024 18:56;;279,22;265,87;257,41;276,45;286,16;214,81;223,19;252,83;267,88;
12/02/2024 18:57;;273,56;260,05;251,92;270,55;279,81;208,72;219,16;243,22;261,75;
12/02/2024 18:58;;267,54;254,8;246,92;265,08;275,26;206,41;215,56;240,86;256,5;
12/02/2024 18:59;;262,71;250,31;241,86;259,16;268,32;199,68;210,99;233,69;251,17;
12/02/2024 19:00;;257,33;245,33;236,88;254,07;263,45;196,17;206,2;229,33;246,35;
12/02/2024 19:01;;252,36;240,87;232,43;249,19;258,24;192,03;202,82;225,87;240,88;
12/02/2024 19:02;;246,96;236,11;227,99;244,16;254,72;189,01;199,11;216,42;235,9;
12/02/2024 19:03;;242,39;231,74;223,37;239,65;249,24;184,71;195,25;217,11;231,55;
12/02/2024 19:04;;237,53;227,45;218,97;234,34;244,67;181,68;191,67;212,86;226,6;
12/02/2024 19:05;;232,77;222,53;214,78;230,7;239,77;177,82;188,13;209,94;222,27;
12/02/2024 19:06;;228,42;219,01;210,39;226,07;235,67;173,74;184,68;207,71;218,59;
12/02/2024 19:07;;223,89;214,85;206,8;220,87;231,16;170,71;181,55;198,05;213,77;
12/02/2024 19:08;;219,39;210,42;202,79;217,13;226,78;167,33;177,87;196,82;209,97;
12/02/2024 19:09;;215,68;206,61;199,12;212,44;222,69;165,32;174,9;192,32;205,85;
12/02/2024 19:10;;211,48;202,86;195,09;208,75;218,89;162,91;171,54;189,23;201,78;
12/02/2024 19:11;;207,5;198,83;191,55;204,64;214,21;160,96;169,33;187,84;198,33;
12/02/2024 19:12;;203,86;195,49;188,22;200,31;209,78;157,74;166,91;184,13;194,78;
12/02/2024 19:13;;199,72;191,88;184,78;197,05;206,34;154,92;163,91;180,4;190,94;
12/02/2024 19:14;;196,45;188,44;181,15;193,27;202,96;153,24;161,15;178,13;187,68;
12/02/2024 19:15;;192,72;184,86;178,16;189,84;199,42;150,42;158,1;175,26;184,75;
12/02/2024 19:16;;189,11;181,68;175,2;186,18;196,03;148,14;155,85;172,85;180,97;
12/02/2024 19:17;;185,54;178,4;172,22;183,27;192,77;145,85;153,06;169,1;178,5;
12/02/2024 19:18;;182,01;175,01;169,38;179,29;188,89;143,47;150,57;168,2;174,87;
12/02/2024 19:19;;178,87;172,24;166,25;176,52;186,23;141,43;147,82;165,62;172,2;
12/02/2024 19:20;;176;169,5;163,63;173,21;182,08;138,9;146,05;161,58;169,08;
12/02/2024 19:21;;172,64;166,24;161,04;170,14;179,44;137,08;143,35;159,23;166,47;
12/02/2024 19:22;;169,8;163,43;157,95;167,36;176,19;135,23;141,11;156,52;163,43;
12/02/2024 19:23;;166,49;160,51;155,48;164,26;173,56;133,36;139,17;155,93;160,78;
12/02/2024 19:24;;163,53;157,63;153,03;161,49;170,98;131,76;136,74;151,41;158,18;
12/02/2024 19:25;;160,97;155,26;150,66;158,6;167,52;129,19;134,79;149,48;155,55;
12/02/2024 19:26;;157,91;152,59;148,42;156,1;165;127,76;132,8;147,01;152,93;
12/02/2024 19:27;;155,33;150,05;145,43;153,42;162,22;125,51;130,51;145,36;150,66;
12/02/2024 19:28;;152,8;147,4;143,32;150,98;159,39;124,27;128,39;143,43;148,07;
12/02/2024 19:29;;150,57;145,07;141,02;148,56;156,6;122,01;127,04;141,15;145,74;
12/02/2024 19:30;;147,87;142,81;139,08;146,16;154,2;120,91;125,08;138,18;143,43;
12/02/2024 19:31;;145,36;140,62;136,75;143,66;151,85;118,59;123,19;135,64;141,09;
12/02/2024 19:32;;143,03;138,54;134,57;141,21;148,86;117,03;121,05;134,62;139,09;
12/02/2024 19:33;;140,81;136,18;132,49;139,08;146,9;115,48;119,34;131,54;136,85;
12/02/2024 19:34;;138,52;133,88;130,88;136,79;144,45;113,86;117,48;131,14;134,61;
12/02/2024 19:35;;136,3;132,07;128,63;134,83;142,08;112,57;115,61;128,15;132,56;
12/02/2024 19:36;;134,01;129,94;126,82;132,57;139,8;110,84;113,96;126,73;130,62;
12/02/2024 19:37;;132,02;127,97;124,75;130,48;137,49;109,6;112,46;124,87;128,51;
12/02/2024 19:38;;129,93;125,99;122,69;128,62;135,79;107,99;110,67;122,33;126,49;
12/02/2024 19:39;;127,99;124,11;121,09;126,57;133,47;106,56;109,44;120,54;124,76;
12/02/2024 19:40;;125,91;122,21;119,59;124,67;131,67;104,63;107,77;119,34;123,14;
12/02/2024 19:41;;124,2;120,43;117,48;122,68;129,53;103,21;106,34;117,99;121,24;
12/02/2024 19:42;;122,19;118,64;115,77;121,05;127,63;101,67;104,67;115,74;119,35;
12/02/2024 19:43;;120,39;117,01;114,21;119,11;125,74;100,57;103,27;114,15;117,71;
12/02/2024 19:44;;118,54;115,17;112,67;117,27;123,72;99,7;102,18;112,43;115,97;
12/02/2024 19:45;;116,72;113,53;111,08;115,65;121,91;98,81;100,41;111,27;114,26;
12/02/2024 19:46;;114,88;111,93;109,58;113,84;120,13;97,1;99,34;108,89;112,89;
12/02/2024 19:47;;113,45;110,55;108,02;112,26;118,27;95,61;97,89;107,63;111,04;
12/02/2024 19:48;;111,84;108,75;106,27;110,67;116,75;94,62;96,65;106,31;109,6;
12/02/2024 19:49;;110,17;107,19;105,16;109,2;115,02;93,21;95,3;104,57;108,12;
12/02/2024 19:50;;108,6;105,96;103,59;107,43;113,29;92,23;94,05;103,45;106,62;
12/02/2024 19:51;;107,07;104,34;102,11;106,12;111,91;90,77;92,88;102,1;105,33;
12/02/2024 19:52;;105,6;102,66;99,64;104,14;108,85;87,74;90,64;97,78;102,51;
12/02/2024 19:53;;102,8;100,02;96,26;98,97;103,63;83,84;86,31;89,4;98,75;
12/02/2024 19:54;;100,67;97,56;94,33;96,99;103,34;81,57;84,07;87,99;96,65;
12/02/2024 19:55;;99,74;95,98;92,65;95,26;104,06;80,03;82,47;85,99;94,97;
12/02/2024 19:56;;97,79;94,74;91,14;93,67;102,14;77,67;80,53;83,88;93,39;
12/02/2024 19:57;;96,81;93,03;89,38;92,16;99,99;76,18;78,84;82,53;91,59;
12/02/2024 19:58;;94,89;91,45;87,94;90,61;100,09;74,39;77,14;81,31;90,13;
12/02/2024 19:59;;93,54;90,5;86,93;89,22;99,8;73,99;76,61;79,84;89,24;
12/02/2024 20:00;;92,31;89,17;85,66;87,96;98,03;72,18;75,1;78,5;87,78;
12/02/2024 20:01;;91,19;87,82;84,36;86,51;97,05;71,81;73,81;77,48;86,03;
12/02/2024 20:02;;89,83;86,65;83,08;85,51;93,93;70,45;72,68;76,33;85,2;
12/02/2024 20:03;;88,74;85,54;82,1;84,15;95,43;69,9;71,56;74,88;84,05;
12/02/2024 20:04;;87,89;84,16;81,05;83,06;93,37;68,69;70,5;74,04;82,7;
12/02/2024 20:05;;86,71;83,27;79,83;82,08;92,09;67,39;69,47;73,1;81,49;
12/02/2024 20:06;;85,28;82,11;78,74;80,77;90,95;66,84;68,64;72,31;80,61;
12/02/2024 20:07;;84,2;81,29;77,99;79,5;90,02;66,77;68,04;71,44;79,72;
12/02/2024 20:08;;83,48;80,19;76,89;78,5;89,45;65,37;67,05;70,45;78,55;
12/02/2024 20:09;;82,2;79,04;75,89;77,6;87,88;64,23;66,32;69,66;77,54;
12/02/2024 20:10;;81,34;78,17;75,04;76,31;86,38;63,7;65,28;68,95;76,4;
12/02/2024 20:11;;80,08;76,94;73,91;75,67;85,39;62,74;64,46;67,68;75,53;
12/02/2024 20:12;;79,24;75,95;72,96;74,97;84,11;61,77;63,56;67,24;74,56;
12/02/2024 20:13;;78,31;75,29;72,39;73,58;83,09;61,4;63,04;66,4;73,76;
12/02/2024 20:14;;77,32;74,23;71,56;72,67;81,97;60,51;62,25;65,88;72,98;
12/02/2024 20:15;;76,26;73,26;70,38;72,15;80,58;59,96;61,76;65,06;72,1;
12/02/2024 20:16;;75,36;72,55;69,76;71,28;80,75;59,05;60,9;63,98;71,22;
12/02/2024 20:17;;74,56;71,62;68,84;70,35;79,11;59,04;60,28;63,27;70,41;
12/02/2024 20:18;;73,97;71,32;68,16;69,13;78,17;60;60,3;62,36;68,63;
12/02/2024 20:19;;73,04;70,06;67,39;68,43;77,69;58,91;59,42;62,11;68,71;
12/02/2024 20:20;;72,52;69,44;66,55;67,95;76,4;58,92;59,05;60,9;67,31;
12/02/2024 20:21;;71,18;68,46;65,85;67;75,7;56,75;57,99;60,74;67,06;
12/02/2024 20:22;;70,16;67,43;65,04;66,65;74,68;55,41;56,94;60,12;66,34;
12/02/2024 20:23;;69,61;67,04;64,51;65,54;74,03;55,36;56,42;59,48;65,86;
12/02/2024 20:24;;68,92;66,03;63,76;65,05;73,28;55,03;56,06;58,7;65,03;
12/02/2024 20:25;;68,27;65,59;63,2;63,96;72,32;54,86;55,77;58,07;64,31;
12/02/2024 20:26;;67,35;64,69;62,27;63,55;71,53;54,51;55,22;57,39;63,69;
12/02/2024 20:27;;66,95;64,01;61,85;63,01;70,57;53,57;54,33;56,97;62,59;
12/02/2024 20:28;;65,95;63,31;61,02;62,31;69,66;52,62;53,85;56,79;62,16;
12/02/2024 20:29;;65,17;62,91;60,49;61,68;69,34;52,85;53,9;55,87;61,73;
12/02/2024 20:30;;64,63;62,19;59,83;60,69;68,35;51,82;52,95;55,61;61,14;
12/02/2024 20:31;;63,74;61,47;59,37;60,27;67,76;51,9;52,63;54,65;60,46;
12/02/2024 20:32;;63,25;60,84;58,63;59,69;66,81;50,66;51,86;54,56;60,02;
12/02/2024 20:33;;62,59;60,55;58,15;59,05;66,15;51,18;51,73;54,12;59,39;
12/02/2024 20:34;;62,16;59,89;57,48;58,58;65,67;50,44;51,18;53,03;58,38;
12/02/2024 20:35;;61,67;59,31;56,84;58,3;64,74;51,11;51,07;52,6;57,83;
12/02/2024 20:36;;60,68;58,5;56,48;57,41;64,28;48,94;50,07;52,62;57,55;
12/02/2024 20:37;;59,97;58,21;55,94;56,55;63,74;50,22;50,11;51,79;57,09;
12/02/2024 20:38;;59,18;57,51;55,35;56,06;63,07;49,22;49,58;51,28;56,05;
12/02/2024 20:39;;58,72;57,19;54,73;55,89;62,41;49,7;49,55;50,65;55,66;
12/02/2024 20:40;;58,24;56,47;54,22;55,25;61,64;49,14;48,96;50,24;54,91;
12/02/2024 20:41;;57,31;56,04;53,81;54,46;61,15;47,64;48,22;49,72;54,66;
12/02/2024 20:42;;56,73;55,15;53,49;54,02;60,65;46,95;47,7;49,67;54,48;
12/02/2024 20:43;;56,42;54,7;52,86;53,51;59,84;47,08;47,58;49,11;53,87;
12/02/2024 20:44;;55,65;54,41;52,43;53,12;59,44;47,41;47,21;48,59;52,84;
12/02/2024 20:45;;55,2;54;52,06;53,14;58,62;45,88;46,74;48,89;53,03;
12/02/2024 20:46;;54,68;53,54;51,57;52,45;58,12;46,85;46,53;47,9;52,36;
12/02/2024 20:47;;53,96;53,09;51,07;51,87;57,65;46,34;46,28;47,52;51,96;
12/02/2024 20:48;;53,6;52,54;50,53;51,59;57,23;45,69;45,79;46,78;51,41;
12/02/2024 20:49;;53,27;52,28;50,12;51,33;56,56;45,99;45,74;46,6;50,92;
12/02/2024 20:50;;52,74;51,68;49,61;50,78;55,98;45,42;45,26;46,13;50,12;
12/02/2024 20:51;;52,22;51,15;49,24;50,06;55,47;43,96;44,43;46,01;50,06;
12/02/2024 20:52;;51,69;50,63;48,75;49,92;54,89;44,42;44,53;45,43;49,85;
12/02/2024 20:53;;51,12;50,22;48,5;49,41;54,42;44,21;44,21;44,95;49,22;
12/02/2024 20:54;;50,72;49,87;48,03;48,55;54,04;43,97;43,93;44,72;48,79;
12/02/2024 20:55;;50,21;49,45;47,52;48,51;53,56;43,69;43,53;44,26;48,36;
12/02/2024 20:56;;49,84;49,11;47,14;48,17;52,87;43,2;43,32;43,83;47,7;
12/02/2024 20:57;;49,6;48,63;46,86;47,56;52,57;42,45;42,84;43,9;47,68;
12/02/2024 20:58;;48,93;48,22;46,41;47,38;52,08;42,49;42,53;43,35;47,35;
12/02/2024 20:59;;48,73;47,83;46,01;46,8;51,66;41,43;42,11;42,89;47,08;
12/02/2024 21:00;;48,08;47,3;45,64;46,41;51,33;42,09;41,9;42,51;46,64;
12/02/2024 21:01;;47,83;47,03;45,32;46,09;50,73;41,34;41,4;42,4;46,21;
12/02/2024 21:02;;47,42;46,52;45,14;45,72;50,28;40,56;41,18;42,59;45,79;
12/02/2024 21:03;;46,93;46,31;44,67;45,41;49,84;40,87;40,97;41,69;45,51;
12/02/2024 21:04;;46,68;45,75;44,38;44,99;49,2;39,71;40,49;41,94;45,13;
12/02/2024 21:05;;46,36;45,61;44,01;44,82;49,24;40,51;40,38;41,09;44,61;
12/02/2024 21:06;;46,22;45,26;43,5;44,42;48,72;40,08;40,15;40,77;44,37;
12/02/2024 21:07;;45,53;45,04;43,25;44,11;48,33;40,06;39,95;40,35;44,17;
12/02/2024 21:08;;45,29;44,59;43,11;43,74;47,93;39,16;39,43;40,42;43,76;
12/02/2024 21:09;;44,83;44,2;42,79;43,35;47,56;38,55;39,16;40,53;43,44;
12/02/2024 21:10;;44,46;43,97;42,47;43,04;47,24;38,93;39;39,75;43,01;
12/02/2024 21:11;;44,04;43,7;42,06;42,85;46,78;39,11;38,79;39,31;42,74;
12/02/2024 21:12;;43,88;43,29;41,75;42,25;46,46;38,47;38,58;38,95;42,69;
12/02/2024 21:13;;43,41;43,12;41,51;42,15;46,22;38,29;38,31;38,78;42,2;
12/02/2024 21:14;;43,25;42,68;41,3;41,84;45,74;37,5;37,9;38,78;42,02;
12/02/2024 21:15;;42,78;42,23;40,94;41,51;45,57;36,95;37,64;38,74;41,48;
12/02/2024 21:16;;42,57;42,1;40,54;41,19;45,1;37,36;37,5;38,1;41,32;
12/02/2024 21:17;;42,09;41,77;40,5;40,99;44,8;37,09;37,2;37,88;41,1;
12/02/2024 21:18;;41,9;41,5;40,11;40,81;44,6;36,93;37,02;37,69;40,85;
12/02/2024 21:19;;41,7;41,28;39,73;40,5;44,24;36,77;36,78;37,25;40,56;
12/02/2024 21:20;;41,68;41,05;39,51;40,14;43,78;36,57;36,8;37,09;40,24;
12/02/2024 21:21;;41,65;40,98;39,85;40,38;43,6;36,63;36,68;38,73;40,69;
12/02/2024 21:22;;41,34;41,04;39,56;40,17;43,63;36,79;36,73;37,41;40,54;
12/02/2024 21:23;;42,34;41,66;40,53;41,18;43,91;37,12;37,32;38,77;41,05;
12/02/2024 21:24;;41,92;41,51;40,23;40,95;43,87;37,43;36,95;38,17;41,04;
12/02/2024 21:25;;42,04;41,67;39,95;41,17;43,62;37,6;37,35;38,39;40,83;
12/02/2024 21:26;;42,51;42,05;40,89;41,72;44,17;38,58;37,87;39,8;41,34;
12/02/2024 21:27;;42,67;42,09;41,21;41,95;44,12;38,88;37,98;40,13;41,64;
12/02/2024 21:28;;42,73;42,06;41,33;42,03;43,56;38,69;38,02;40,67;41,77;
12/02/2024 21:29;;42,01;41,39;40,43;40,97;43,32;36,81;37,09;38,76;41,13;
12/02/2024 21:30;;41,93;41,42;40,2;40,78;43,51;36,71;36,97;38,52;40,99;
12/02/2024 21:31;;41,98;41,45;40,4;41,01;43,28;37,18;37,23;38,91;41,1;
12/02/2024 21:32;;41,99;41,49;40,26;41,04;43,22;37,67;37,37;38,63;40,77;
12/02/2024 21:33;;41,94;41,38;40,35;41,05;43,38;37,6;37,49;38,97;40,87;
12/02/2024 21:34;;41,76;41,32;39,97;40,99;43,16;37,69;37,39;38,39;40,72;
12/02/2024 21:35;;41,99;41,44;40,37;41,05;43,02;37,98;37,47;38,85;41,08;
12/02/2024 21:36;;41,67;41,29;40,11;40,94;42,86;37,92;37,47;38,55;40,98;
12/02/2024 21:37;;41,81;41,27;40,17;40,71;42,62;37,64;37,27;38,51;40,62;
12/02/2024 21:38;;42,05;41,46;40,5;41,01;42,98;37,07;37,32;39,03;41,09;
12/02/2024 21:39;;41,43;40,83;40,01;40,51;42,65;36,55;37,1;38,66;40,68;
12/02/2024 21:40;;40,84;40,5;39,48;39,92;42,37;36,96;36,85;38,63;40,26;
12/02/2024 21:41;;41,18;40,57;40,06;40,56;42,4;39,51;37,93;40,82;40,48;
12/02/2024 21:42;;41,52;40,89;40,57;41,08;42,53;40,46;38,67;41,76;40,93;
12/02/2024 21:43;;40,97;40,43;39,94;40,41;42,22;39,76;38,04;40,95;40,39;
12/02/2024 21:44;;41,67;40,99;40,65;41,12;42,51;40,91;38,77;41,87;40,96;
12/02/2024 21:45;;42,33;41,77;41,6;42,08;43;41,74;39,3;42,64;41,74;
12/02/2024 21:46;;42,59;42,07;41,54;42,25;43,17;40,04;38,97;41,56;41,95;
12/02/2024 21:47;;42,46;41,96;41,27;42,22;43,33;40,52;39,23;41,11;41,78;
12/02/2024 21:48;;42,35;41,82;41,45;42,16;42,85;41,04;39,35;41,84;41,73;
12/02/2024 21:49;;42,22;41,82;41,11;41,87;42,81;38,73;38,3;40,62;41,54;
12/02/2024 21:50;;41,46;41,24;40,25;40,82;42,57;37,24;37,41;38,66;40,65;
12/02/2024 21:51;;41,16;40,59;39,63;40,15;42,09;36,69;37,03;38,38;40,16;
12/02/2024 21:52;;40,76;40,24;39,46;40,02;41,95;38,25;37,5;39,55;40,07;
12/02/2024 21:53;;40,8;40,27;39,73;40,13;42;38,97;37,75;40,32;40,21;
12/02/2024 21:54;;40,8;40,27;39,85;40,25;42,04;39,26;37,81;40,49;40,32;
12/02/2024 21:55;;40,51;39,98;39,36;39,85;41,77;38,63;37,5;39,88;39,95;
12/02/2024 21:56;;40,87;40,39;39,93;40,37;41,92;39,53;38,09;40,76;40,51;
12/02/2024 21:57;;40,88;40,17;39,72;40,15;41,86;39,54;37,83;40,47;40,27;
12/02/2024 21:58;;41,11;40,51;40,06;40,61;41,9;40,14;38,36;41,1;40,48;
12/02/2024 21:59;;41,42;40,82;40,43;41,08;42,1;40,97;39,02;41,67;40,86;
12/02/2024 22:00;;41,82;41,37;40,98;41,58;42,26;41,38;39,47;42,27;41,29;
12/02/2024 22:01;;42,06;41,48;41,37;41,95;42,43;41,65;39,62;42,28;41,54;
12/02/2024 22:02;;42,29;41,9;41,63;42,21;42,66;41,66;39,57;41,74;41,81;
12/02/2024 22:03;;42,2;41,64;41,17;41,89;42,32;39,68;38,75;40,68;41,47;
12/02/2024 22:04;;41,99;41,59;40,94;41,49;42,41;38,83;38,26;40,03;41,33;
12/02/2024 22:05;;41,58;41,2;40,36;40,97;42,17;37,82;37,52;39,23;40,97;
12/02/2024 22:06;;41,24;41,05;40,25;40,8;42;37,21;37,44;39,19;40,85;
12/02/2024 22:07;;41,01;40,51;39,62;40,41;41,9;36,44;37,01;38,55;40,34;
12/02/2024 22:08;;41,17;40,64;39,54;40,27;41,79;36,95;37,2;38,39;40,4;
12/02/2024 22:09;;40,93;40,75;39,66;40,36;41,81;37,06;37,15;38,22;40,38;
12/02/2024 22:10;;41,34;40,83;39,81;40,45;41,68;36,93;37,32;38,66;40,45;
12/02/2024 22:11;;41,18;40,98;40,13;40,8;41,93;37,51;37,5;38,68;40,71;
12/02/2024 22:12;;41,55;40,99;40,2;40,81;42,04;37,34;37,44;38,91;40,85;
12/02/2024 22:13;;41,78;41,36;40,5;41,25;42,25;38,49;37,99;39,19;41;
12/02/2024 22:14;;41,82;41,57;40,94;41,59;42,13;38,61;38,25;40,12;41,36;
12/02/2024 22:15;;41,84;41,29;40,69;41,47;41,97;38,26;38,18;40,06;41,19;
12/02/2024 22:16;;41,91;41,38;40,67;41,35;42,16;38,53;38,09;39,71;41,15;
12/02/2024 22:17;;41,57;41,06;40,46;41,11;42,05;37,84;37,73;39,56;40,91;
12/02/2024 22:18;;41,59;41,21;40,4;40,92;42,05;37,78;37,81;39,2;40,96;
12/02/2024 22:19;;41,76;41,3;40,75;41,42;42,13;38,17;38,09;39,94;41,1;
12/02/2024 22:20;;41,99;41,52;40,7;41,59;42,43;39,25;38,46;39,83;41,02;
12/02/2024 22:21;;41,89;41,41;40,66;41,37;42,08;38,85;38,44;39,83;41,06;
12/02/2024 22:22;;41,72;41,17;40,36;41,09;41,97;38,15;37,92;39,29;40,78;
12/02/2024 22:23;;41,66;41,18;40,38;41,16;41,75;38,21;37,87;39,62;40,96;
12/02/2024 22:24;;41,89;41,36;40,6;41,38;41,96;38,45;38,07;39,71;41,11;
12/02/2024 22:25;;42,14;41,63;41,3;41,93;42,29;39,68;38,98;40,71;41,57;
12/02/2024 22:26;;42,11;41,74;41,55;42,03;42,34;41,38;39,78;41,75;41,62;
12/02/2024 22:27;;41,83;41,46;41,15;41,77;41,96;41,53;39,72;42,2;41,36;
12/02/2024 22:28;;41,66;41,36;41,11;41,62;41,84;41,51;39,56;42,13;41,34;
12/02/2024 22:29;;41,73;41,25;40,99;41,54;41,82;41,35;39,53;42,12;41,29;
12/02/2024 22:30;;41,68;41,23;41,06;41,6;41,73;41,49;39,55;42,1;41,26;
12/02/2024 22:31;;41,67;41,25;40,99;41,51;41,88;41,33;39,7;42,01;41,27;
12/02/2024 22:32;;41,48;40,94;40,77;41,2;41,67;41,2;39,38;41,81;40,97;
12/02/2024 22:33;;41,47;40,89;40,69;41,2;41,71;41,13;39,36;41,73;40,94;
12/02/2024 22:34;;41,53;40,94;40,85;41,34;41,61;41,18;39,31;41,77;41,02;
12/02/2024 22:35;;41,53;41,12;40,84;41,32;41,77;41,31;39,46;41,82;41,1;
12/02/2024 22:36;;41,64;41,19;40,92;41,42;41,75;41,37;39,59;41,88;41,09;
12/02/2024 22:37;;41,48;41,08;40,85;41,32;41,65;41,16;39,54;41,77;41,07;
12/02/2024 22:38;;41,04;40,45;40,25;40,74;41,31;40,47;38,87;41,19;40,5;
12/02/2024 22:39;;40,56;39,84;39,52;39,94;41,07;39,67;38,27;40,31;39,84;
12/02/2024 22:40;;40,28;39,79;39,29;39,72;41,12;38,45;37,73;39,38;39,75;
12/02/2024 22:41;;40,6;40,05;39,31;39,94;41,11;37,32;37,16;38,62;39,96;
12/02/2024 22:42;;40,79;40,49;39,53;40,25;41,22;36,88;37,33;38,7;40,13;
12/02/2024 22:43;;41,23;40,91;40,04;40,72;41,28;37,33;37,6;39,13;40,45;
12/02/2024 22:44;;41,44;41,07;40,3;40,87;41,72;38,15;37,9;38,92;40,72;
12/02/2024 22:45;;41,75;41,34;40,86;41,55;41,8;38,88;38,63;40,41;41,2;
12/02/2024 22:46;;41,82;41,45;41,27;41,73;41,84;41,7;39,99;42,09;41,44;
12/02/2024 22:47;;41,47;41,1;40,94;41,32;41,53;41,34;39,57;41,82;41;
12/02/2024 22:48;;41,05;40,46;40,33;40,77;41,26;40,9;39,18;41,25;40,54;
12/02/2024 22:49;;40,66;40,1;39,83;40,32;41,08;40,11;38,68;40,66;40,16;
12/02/2024 22:50;;40,3;39,7;39,23;39,69;40,88;38,36;37,71;39,36;39,64;
12/02/2024 22:51;;40,57;40,15;39,35;40,1;41,1;36,94;37,22;38,72;40,06;
12/02/2024 22:52;;41,64;41,19;40,52;41,25;41,54;38,33;38,25;39,55;40,86;
12/02/2024 22:53;;41,86;41,58;41,39;41,85;41,7;41,74;40,03;42;41,53;
12/02/2024 22:54;;41,42;41,03;40,88;41,31;41,45;41,18;39,54;41,61;40,97;
12/02/2024 22:55;;40,82;40,2;40,05;40,46;41,07;40,41;38,89;40,76;40,3;
12/02/2024 22:56;;40,07;39,57;39,23;39,56;40,8;38,67;37,7;39,51;39,73;
12/02/2024 22:57;;40,52;40,16;39,38;40,04;41,15;37,1;37,19;38,65;39,98;
12/02/2024 22:58;;41,8;41,39;41,07;41,61;41,65;39,49;38,84;40,4;41,28;
12/02/2024 22:59;;41,63;41,3;41,16;41,53;41,46;41,53;39,99;41,85;41,2;
12/02/2024 23:00;;41,15;40,79;40,59;40,97;41,14;40,92;39,39;41,31;40,69;
12/02/2024 23:01;;40,31;39,7;39,48;39,82;40,71;39,85;38,48;40,13;39,8;
12/02/2024 23:02;;40,34;39,82;39,27;39,79;40,88;37,19;37,26;38,49;39,56;
12/02/2024 23:03;;41,73;41,3;40,94;41,47;41,48;39,23;38,7;40,19;41,06;
12/02/2024 23:04;;41,62;41,27;41,14;41,53;41,33;41,48;39,89;41,82;41,24;
12/02/2024 23:05;;41,11;40,67;40,43;40,89;41,12;41,02;39,42;41,32;40,71;
12/02/2024 23:06;;40,49;39,92;39,72;40,06;40,73;39,98;38,67;40,41;40;
12/02/2024 23:07;;40,39;39,94;39,28;39,95;40,72;37,2;37,36;38,62;39,75;
12/02/2024 23:08;;41,7;41,39;41,13;41,66;41,56;40,18;39,34;40,68;41,19;
12/02/2024 23:09;;41,58;41,21;41,11;41,46;41,37;41,45;40,03;41,71;41,13;
12/02/2024 23:10;;41,26;40,83;40,63;41,08;41,26;41,07;39,57;41,42;40,74;
12/02/2024 23:11;;40,17;39,55;39,24;39,58;40,55;39,27;38,28;39,87;39,5;
12/02/2024 23:12;;41,07;40,67;39,89;40,37;41,13;37,27;37,67;38,7;40,34;
12/02/2024 23:13;;41,6;41,32;41,2;41,5;41,42;41,59;40,09;41,77;41,26;
12/02/2024 23:14;;41,23;40,91;40,67;41,13;41,1;41,11;39,69;41,39;40,72;
12/02/2024 23:15;;40,48;39,93;39,64;40,08;40,7;39,95;38,7;40,3;39,95;
12/02/2024 23:16;;40,27;39,82;39,18;39,84;40,64;37,25;37,31;38,56;39,66;
12/02/2024 23:17;;41,59;41,35;41,25;41,52;41,32;41,47;40,14;41,74;41,25;
12/02/2024 23:18;;41,18;40,82;40,62;41,04;41,07;41,05;39,58;41,28;40,66;
12/02/2024 23:19;;40,24;39,71;39,42;39,81;40,65;39,72;38,54;40;39,76;
12/02/2024 23:20;;41,32;40,98;40,48;40,89;41,01;38,37;38,32;39,34;40,75;
12/02/2024 23:21;;41,51;41,19;41;41,36;41,25;41,26;39,98;41,56;41,03;
12/02/2024 23:22;;40,85;40,31;40,2;40,52;40,86;40,62;39,23;40,84;40,34;
12/02/2024 23:23;;40,12;39,52;39,03;39,57;40,45;37,76;37,5;38,71;39,54;
12/02/2024 23:24;;41,58;41,31;41,17;41,48;41,24;41,55;40,29;41,66;41,22;
12/02/2024 23:25;;41,01;40,69;40,52;40,95;41,01;40,97;39,53;41,25;40,64;
12/02/2024 23:26;;40,09;39,41;39,17;39,57;40,37;38,94;38,3;39,39;39,54;
12/02/2024 23:27;;41,6;41,28;41,18;41,47;41,37;40,51;39,73;40,56;41,15;
12/02/2024 23:28;;41,3;40,88;40,76;41,13;40,93;41,18;39,79;41,37;40,86;
12/02/2024 23:29;;40,14;39,5;39,28;39,53;40,43;39,38;38,38;39,73;39,55;
12/02/2024 23:30;;41,6;41,26;40,99;41,42;41,22;39,76;39,31;40,19;41,05;
12/02/2024 23:31;;41,31;41,02;40,88;41,22;40,98;41,27;39,99;41,4;40,92;
12/02/2024 23:32;;40,01;39,45;39,13;39,46;40,4;39;38,15;39,38;39,44;
12/02/2024 23:33;;41,56;41,35;41,21;41,48;41,13;41,46;40,34;41,57;41,19;
12/02/2024 23:34;;41,1;40,76;40,62;40,93;40,99;41,08;39,79;41,22;40,69;
12/02/2024 23:35;;39,92;39,36;38,96;39,35;40,29;38,18;37,73;38,9;39,36;
12/02/2024 23:36;;41,53;41,3;41,17;41,41;41,13;41,4;40,25;41,56;41,12;
12/02/2024 23:37;;40,84;40,39;40,26;40,62;40,73;40,76;39,47;40,9;40,41;
12/02/2024 23:38;;40,57;40,03;39,33;40,05;40,67;37,1;37,67;38,24;39,88;
12/02/2024 23:39;;41,4;41,06;41,01;41,27;41,12;41,4;40,29;41,47;40,99;
12/02/2024 23:40;;40,64;40,16;40,01;40,38;40,67;40,51;39,35;40,6;40,11;
12/02/2024 23:41;;40,49;40;39,44;39,98;40,69;37,15;37,46;38,5;39,77;
12/02/2024 23:42;;41,35;41,07;40,96;41,19;40,83;41,28;40,13;41,33;40,97;
12/02/2024 23:43;;40,09;39,54;39,34;39,7;40,36;39,63;38,64;39,74;39,64;
12/02/2024 23:44;;41,5;41,16;41,08;41,32;41,06;41,31;40,3;41,41;41,04;
12/02/2024 23:45;;40,94;40,48;40,37;40,74;40,85;40,84;39,73;40,98;40,43;
12/02/2024 23:46;;40,64;40,1;39,46;39,95;40,71;37,41;37,58;38,47;39,84;
12/02/2024 23:47;;41,26;40,96;40,88;41,14;40,98;41,25;40,22;41,31;40,85;
12/02/2024 23:48;;40,48;39,96;39,84;40,14;40,43;40,36;39,19;40,42;40,03;
12/02/2024 23:49;;41,48;41,22;41,12;41,32;40,91;41,38;40,41;41,37;41,09;
12/02/2024 23:50;;40,71;40,25;40,13;40,48;40,51;40,63;39,45;40,73;40,19;
12/02/2024 23:51;;41,47;41,24;41,11;41,34;40,99;41,06;40,2;40,98;41,05;
12/02/2024 23:52;;40,99;40,64;40,55;40,85;40,72;41,08;39,91;41,07;40,61;
12/02/2024 23:53;;40,59;40,26;39,43;40,04;40,5;37,18;37,65;38,31;39,94;
12/02/2024 23:54;;41,17;40,87;40,79;41,07;40,69;41,15;40,08;41,19;40,76;
12/02/2024 23:55;;39,68;39,15;38,85;39,2;40,07;38,24;37,81;38,83;39,3;
12/02/2024 23:56;;41,28;40,95;40,91;41,13;41;41,17;40,28;41,23;40,84;
12/02/2024 23:57;;39,96;39,34;39,03;39,43;40,27;38,11;37,88;39,01;39,36;
12/02/2024 23:58;;41,2;40,94;40,88;41,08;40,76;41,26;40,25;41,19;40,85;
12/02/2024 23:59;;40,32;39,72;39,55;39,93;40,39;39,96;39,08;40,34;39,8;
13/02/2024 00:00;;41,72;41,62;41,55;41,79;41,91;41,66;40,61;41,99;41,69;
13/02/2024 00:01;;41,99;41,96;41,84;42,03;42,18;41,83;40,89;42,18;41,97;
13/02/2024 00:02;;42,18;42,19;42,03;42,17;42,39;42,17;41,24;42,42;42,19;
13/02/2024 00:03;;42,36;42,37;42,21;42,41;42,55;42,29;41,38;42,54;42,34;
13/02/2024 00:04;;42,53;42,5;42,34;42,58;42,69;42,5;41,62;42,75;42,56;
13/02/2024 00:05;;42,65;42,69;42,56;42,77;42,86;42,64;41,77;42,85;42,67;
13/02/2024 00:06;;42,81;42,81;42,67;42,87;43;42,74;41,97;43,02;42,82;
13/02/2024 00:07;;42,91;42,94;42,78;43,02;43,14;42,93;42,14;43,12;42,98;
13/02/2024 00:08;;43,07;43,04;42,92;43,15;43,28;43,1;42,27;43,29;43,11;
13/02/2024 00:09;;43,3;43,22;43,09;43,31;43,42;43,2;42,49;43,44;43,26;
13/02/2024 00:10;;43,33;43,32;43,18;43,44;43,54;43,36;42,63;43,58;43,41;
13/02/2024 00:11;;43,49;43,5;43,35;43,56;43,69;43,57;42,8;43,7;43,52;
13/02/2024 00:12;;43,62;43,62;43,45;43,71;43,77;43,66;42,93;43,81;43,64;
13/02/2024 00:13;;43,73;43,75;43,57;43,77;43,89;43,81;43,06;43,92;43,76;
13/02/2024 00:14;;43,85;43,83;43,72;43,96;44,03;43,85;43,17;44,03;43,85;
13/02/2024 00:15;;44;43,95;43,81;44,03;44,14;44,04;43,36;44,13;43,99;
13/02/2024 00:16;;44,09;44,13;43,94;44,15;44,26;44,11;43,42;44,26;44,12;
13/02/2024 00:17;;44,18;44,2;44,02;44,23;44,35;44,24;43,59;44,39;44,27;
13/02/2024 00:18;;44,29;44,31;44,16;44,37;44,49;44,37;43,76;44,52;44,36;
13/02/2024 00:19;;44,44;44,42;44,26;44,52;44,6;44,43;43,84;44,6;44,5;
13/02/2024 00:20;;44,49;44,47;44,37;44,57;44,75;44,64;44;44,69;44,6;
13/02/2024 00:21;;44,66;44,67;44,49;44,7;44,85;44,66;44,1;44,8;44,7;
13/02/2024 00:22;;44,74;44,79;44,58;44,83;44,93;44,83;44,3;44,89;44,76;
13/02/2024 00:23;;44,88;44,87;44,7;44,93;45,01;44,96;44,35;45;44,9;
13/02/2024 00:24;;45,02;44,96;44,85;45,02;45,11;45,06;44,47;45,13;44,99;
13/02/2024 00:25;;45,07;45,03;44,89;45,12;45,21;45,11;44,57;45,2;45,05;
13/02/2024 00:26;;45,16;45,13;45,01;45,25;45,33;45,27;44,64;45,35;45,18;
13/02/2024 00:27;;45,3;45,27;45,12;45,33;45,46;45,35;44,77;45,4;45,27;
13/02/2024 00:28;;45,4;45,35;45,17;45,37;45,51;45,44;44,82;45,51;45,39;
13/02/2024 00:29;;45,5;45,44;45,3;45,53;45,62;45,56;44,99;45,58;45,47;
13/02/2024 00:30;;45,5;45,5;45,34;45,58;45,66;45,61;45,1;45,68;45,55;
13/02/2024 00:31;;45,63;45,61;45,46;45,68;45,8;45,75;45,19;45,8;45,64;
13/02/2024 00:32;;45,73;45,74;45,58;45,78;45,88;45,86;45,33;45,87;45,73;
13/02/2024 00:33;;45,8;45,85;45,7;45,9;45,99;45,91;45,44;45,98;45,84;
13/02/2024 00:34;;45,89;45,91;45,76;45,97;46,07;46,02;45,52;46,05;45,93;
13/02/2024 00:35;;46,02;46,01;45,88;46,07;46,14;46,12;45,57;46,08;46,03;
13/02/2024 00:36;;46,06;46,05;45,92;46,1;46,2;46,22;45,67;46,23;46,12;
13/02/2024 00:37;;46,15;46,12;46;46,18;46,3;46,2;45,74;46,27;46,17;
13/02/2024 00:38;;46,26;46,22;46,11;46,31;46,4;46,38;45,86;46,36;46,26;
13/02/2024 00:39;;46,35;46,34;46,21;46,41;46,51;46,43;45,95;46,45;46,36;
13/02/2024 00:40;;46,39;46,41;46,27;46,48;46,6;46,51;46,04;46,53;46,39;
13/02/2024 00:41;;46,51;46,5;46,37;46,58;46,64;46,53;46,08;46,53;46,44;
13/02/2024 00:42;;46,57;46,54;46,41;46,61;46,7;46,66;46,23;46,71;46,61;
13/02/2024 00:43;;46,65;46,62;46,5;46,67;46,78;46,75;46,29;46,77;46,68;
13/02/2024 00:44;;46,76;46,7;46,59;46,74;46,86;46,78;46,38;46,83;46,74;
13/02/2024 00:45;;46,8;46,82;46,68;46,85;46,92;46,87;46,45;46,91;46,81;
13/02/2024 00:46;;46,86;46,84;46,74;46,88;47;47,02;46,55;46,99;46,86;
13/02/2024 00:47;;46,97;46,94;46,83;46,99;47,08;47,08;46,64;47,04;46,97;
13/02/2024 00:48;;47,04;47,01;46,88;47,08;47,14;47,12;46,71;47,09;47,03;
13/02/2024 00:49;;47,13;47,1;47;47,18;47,26;47,18;46,78;47,16;47,07;
13/02/2024 00:50;;47,2;47,15;47,05;47,18;47,26;47,27;46,84;47,26;47,16;
13/02/2024 00:51;;47,26;47,24;47,16;47,23;47,38;47,34;46,93;47,34;47,26;
13/02/2024 00:52;;47,31;47,3;47,2;47,35;47,42;47,39;47;47,39;47,29;
13/02/2024 00:53;;47,38;47,42;47,23;47,41;47,53;47,51;47,08;47,47;47,38;
13/02/2024 00:54;;47,51;47,54;47,4;47,58;47,68;47,67;47,2;47,7;47,56;
13/02/2024 00:55;;48,34;48,32;48,07;48,4;48,61;48,49;47,62;48,7;48,29;
13/02/2024 00:56;;49,58;49,56;49,21;49,81;50,09;50;48,35;50,25;49,67;
13/02/2024 00:57;;51,11;51,1;50,53;51,43;51,71;51,44;49,27;51,93;51,1;
13/02/2024 00:58;;52,52;52,57;51,9;52,96;53,35;52,99;50,26;53,6;52,61;
13/02/2024 00:59;;53,84;53,97;53,18;54,5;54,95;54,43;51,26;55,19;54,1;
13/02/2024 01:00;;55,28;55,36;54,46;55,89;56,25;55,82;52,39;56,54;55,51;
13/02/2024 01:01;;56,27;56,42;55,5;56,98;57,32;56,89;52,9;57,8;56,57;
13/02/2024 01:02;;57,28;57,41;56,38;57,89;58,31;57,84;53,95;58,69;57,44;
13/02/2024 01:03;;58,05;58,2;57,15;58,75;59,11;58,62;54,83;59,52;58,38;
13/02/2024 01:04;;58,59;58,79;57,79;59,3;59,44;59,2;55,38;60,05;58,92;
13/02/2024 01:05;;59,14;59,29;58,23;59,79;60,07;59,74;56,2;60,59;59,44;
13/02/2024 01:06;;59,45;59,59;58,72;60,15;60,42;60,09;56,49;60,94;59,78;
13/02/2024 01:07;;59,82;60,01;59,09;60,48;60,65;60,5;57;61,18;60,15;
13/02/2024 01:08;;60,17;60,41;59,46;60,77;61,03;60,78;57,47;61,4;60,45;
13/02/2024 01:09;;60,36;60,64;59,79;61,06;61,23;61,03;58,07;61,72;60,79;
13/02/2024 01:10;;60,72;60,92;60,13;61,28;61,52;61,31;58,37;61,92;61,1;
13/02/2024 01:11;;61,04;61,08;60,45;61,6;61,83;61,57;58,71;62,17;61,38;
13/02/2024 01:12;;61,31;61,46;60,7;61,81;62;61,97;59,24;62,4;61,66;
13/02/2024 01:13;;61,69;61,77;61,04;62,11;62,21;62,18;59,63;62,65;61,89;
13/02/2024 01:14;;61,92;62,1;61,33;62,41;62,59;62,44;59,93;62,94;62,19;
13/02/2024 01:15;;62,24;62,33;61,65;62,71;62,82;62,72;60,29;63,17;62,4;
13/02/2024 01:16;;62,52;62,63;61,94;62,92;63,09;63,11;60,64;63,45;62,75;
13/02/2024 01:17;;62,78;62,88;62,24;63,21;63,27;63,24;61,09;63,69;63,01;
13/02/2024 01:18;;63,03;63,2;62,52;63,46;63,59;63,53;61,35;63,96;63,25;
13/02/2024 01:19;;63,4;63,46;62,86;63,8;63,95;63,86;61,7;64,19;63,56;
13/02/2024 01:20;;63,65;63,8;63,19;64,06;64,2;64,15;62,06;64,5;63,85;
13/02/2024 01:21;;63,97;63,94;63,47;64,34;64,46;64,52;62,36;64,83;64,26;
13/02/2024 01:22;;64,38;64,33;63,81;64,69;64,86;64,76;62,85;65,15;64,5;
13/02/2024 01:23;;64,66;64,71;64,11;65,01;65,13;65,1;63,18;65,46;64,81;
13/02/2024 01:24;;64,94;64,98;64,46;65,31;65,43;65,46;63,43;65,74;65,18;
13/02/2024 01:25;;65,29;65,31;64,8;65,6;65,71;65,75;63,75;66,06;65,4;
13/02/2024 01:26;;65,59;65,6;65,12;65,94;66,03;66,1;64,15;66,38;65,74;
13/02/2024 01:27;;65,94;66,04;65,43;66,3;66,46;66,33;64,37;66,7;66,03;
13/02/2024 01:28;;66,24;66,36;65,76;66,64;66,71;66,72;64,8;67,05;66,48;
13/02/2024 01:29;;66,56;66,59;66,13;66,94;67,04;67,12;65,17;67,38;66,77;
13/02/2024 01:30;;66,88;66,98;66,44;67,26;67,36;67,47;65,49;67,74;67,07;
13/02/2024 01:31;;67,28;67,28;66,77;67,6;67,73;67,79;65,79;68,03;67,38;
13/02/2024 01:32;;67,54;67,63;67,11;67,92;68,01;68,01;66,06;68,33;67,72;
13/02/2024 01:33;;67,89;67,92;67,41;68,22;68,35;68,41;66,45;68,66;68,05;
13/02/2024 01:34;;68,2;68,34;67,74;68,56;68,66;68,7;66,73;69,01;68,37;
13/02/2024 01:35;;68,56;68,56;68,1;68,89;68,99;69,06;67,12;69,36;68,73;
13/02/2024 01:36;;68,9;68,95;68,4;69,22;69,31;69,41;67,44;69,67;69,02;
13/02/2024 01:37;;69,19;69,28;68,72;69,52;69,62;69,75;67,71;70,03;69,39;
13/02/2024 01:38;;69,53;69,65;69,07;69,85;70,05;70,06;68,04;70,33;69,72;
13/02/2024 01:39;;69,82;69,91;69,38;70,17;70,31;70,5;68,47;70,62;70,03;
13/02/2024 01:40;;70,17;70,25;69,75;70,54;70,67;70,68;68,78;70,98;70,37;
13/02/2024 01:41;;70,43;70,58;70,04;70,86;70,94;71,12;69,02;71,29;70,66;
13/02/2024 01:42;;70,92;70,89;70,38;71,19;71,3;71,48;69,32;71,62;70,9;
13/02/2024 01:43;;71,12;71,2;70,71;71,5;71,61;71,77;69,63;71,99;71,37;
13/02/2024 01:44;;71,56;71,56;71,03;71,88;72,01;72,1;69,96;72,37;71,7;
13/02/2024 01:45;;71,88;71,86;71,46;72,2;72,31;72,47;70,36;72,69;72;
13/02/2024 01:46;;72,21;72,26;71,73;72,54;72,64;72,79;70,77;73;72,35;
13/02/2024 01:47;;72,54;72,54;72,05;72,85;72,97;73,24;70,96;73,32;72,72;
13/02/2024 01:48;;72,88;72,86;72,36;73,25;73,33;73,41;71,43;73,65;73,02;
13/02/2024 01:49;;73,24;73,21;72,74;73,57;73,68;73,82;71,72;74,04;73,38;
13/02/2024 01:50;;73,56;73,62;73,05;73,9;74,03;74,18;71,98;74,39;73,69;
13/02/2024 01:51;;73,88;73,89;73,39;74,2;74,25;74,49;72,36;74,68;74,04;
13/02/2024 01:52;;74,26;74,29;73,75;74,58;74,65;74,84;72,76;75,07;74,37;
13/02/2024 01:53;;74,6;74,64;74,09;74,94;75,07;75,29;73,01;75,44;74,79;
13/02/2024 01:54;;74,93;74,98;74,38;75,29;75,39;75,62;73,31;75,78;75,05;
13/02/2024 01:55;;75,29;75,3;74,77;75,57;75,68;75,88;73,84;76,08;75,43;
13/02/2024 01:56;;75,61;75,7;75,12;75,97;76,05;76,25;74;76,41;75,7;
13/02/2024 01:57;;75,92;75,98;75,49;76,3;76,38;76,58;74,41;76,85;76,09;
13/02/2024 01:58;;76,23;76,35;75,8;76,61;76,74;76,91;74,76;77,14;76,45;
13/02/2024 01:59;;76,55;76,58;76,1;76,92;77,03;77,2;75,01;77,39;76,71;
13/02/2024 02:00;;76,96;76,93;76,49;77,27;77,38;77,58;75,36;77,84;77,08;
13/02/2024 02:01;;77,28;77,27;76,78;77,64;77,7;77,87;75,63;78,11;77,42;
13/02/2024 02:02;;77,59;77,62;77,13;77,97;78,03;78,22;76,04;78,49;77,8;
13/02/2024 02:03;;77,94;77,94;77,42;78,28;78,39;78,55;76,4;78,78;78,12;
13/02/2024 02:04;;78,23;78,27;77,74;78,55;78,67;78,88;76,76;79,05;78,35;
13/02/2024 02:05;;78,59;78,6;78,07;78,93;79,01;79,26;77,05;79,43;78,75;
13/02/2024 02:06;;78,88;78,92;78,42;79,28;79,37;79,59;77,33;79,78;79;
13/02/2024 02:07;;79,29;79,28;78,77;79,59;79,76;79,99;77,71;80,05;79,4;
13/02/2024 02:08;;79,62;79,6;79,1;79,92;80,04;80,28;78,01;80,42;79,75;
13/02/2024 02:09;;79,94;79,98;79,43;80,32;80,35;80,6;78,4;80,77;80,08;
13/02/2024 02:10;;80,2;80,2;79,73;80,57;80,63;80,87;78,66;81,09;80,37;
13/02/2024 02:11;;80,56;80,6;80,07;80,89;80,98;81,29;79;81,45;80,71;
13/02/2024 02:12;;80,97;80,95;80,42;81,28;81,32;81,66;79,31;81,83;81,09;
13/02/2024 02:13;;81,34;81,39;80,8;81,66;81,74;81,99;79,72;82,21;81,47;
13/02/2024 02:14;;81,69;81,73;81,1;81,96;82,02;82,44;80,03;82,5;81,79;
13/02/2024 02:15;;81,98;82,03;81,5;82,31;82,34;82,68;80,31;82,82;82,09;
13/02/2024 02:16;;82,06;82,1;81,65;82,41;82,53;82,76;80,65;82,89;82,24;
13/02/2024 02:17;;82,14;82,18;81,65;82,4;82,44;82,74;80,78;82,83;82,2;
13/02/2024 02:18;;82,01;81,96;81,63;82,25;82,25;82,6;80,89;82,63;82,13;
13/02/2024 02:19;;81,91;81,92;81,54;82,09;82,1;82,47;80,91;82,39;81,96;
13/02/2024 02:20;;81,7;81,72;81,41;81,86;81,91;82,22;80,89;82,19;81,8;
13/02/2024 02:21;;81,64;81,59;81,34;81,76;81,75;82,13;80,87;82,02;81,66;
13/02/2024 02:22;;81,45;81,45;81,2;81,59;81,58;82,02;80,88;81,81;81,51;
13/02/2024 02:23;;81,35;81,26;81,13;81,4;81,38;81,87;80,89;81,69;81,39;
13/02/2024 02:24;;81,27;81,25;81,07;81,32;81,31;81,81;80,89;81,56;81,31;
13/02/2024 02:25;;81,17;81,18;80,97;81,22;81,18;81,68;80,88;81,44;81,23;
13/02/2024 02:26;;81,1;81,06;80,92;81,14;81,1;81,59;80,89;81,34;81,13;
13/02/2024 02:27;;81,06;81,02;80,87;81,12;81,07;81,58;80,91;81,31;81,09;
13/02/2024 02:28;;81,03;80,97;80,9;81,04;81,05;81,52;80,87;81,23;81,06;
13/02/2024 02:29;;81,03;80,96;80,87;81;80,99;81,46;80,85;81,17;81,05;
13/02/2024 02:30;;80,98;80,93;80,82;80,99;80,95;81,44;80,88;81,17;80,98;
13/02/2024 02:31;;80,97;80,93;80,84;80,98;81,02;81,42;80,82;81,18;80,94;
13/02/2024 02:32;;81,01;80,95;80,87;81,02;80,96;81,49;80,86;81,19;80,96;
13/02/2024 02:33;;81;80,94;80,86;80,99;80,95;81,5;80,88;81,13;80,99;
13/02/2024 02:34;;80,99;80,94;80,81;80,99;80,93;81,43;80,85;81,12;80,95;
13/02/2024 02:35;;81;80,9;80,83;80,95;80,88;81,36;80,86;81,05;80,93;
13/02/2024 02:36;;80,95;80,92;80,81;80,91;80,93;81,39;80,86;81,07;80,94;
13/02/2024 02:37;;81,01;80,89;80,82;80,94;80,9;81,37;80,87;81,08;80,94;
13/02/2024 02:38;;80,95;80,9;80,85;80,96;80,94;81,41;80,88;81,07;80,91;
13/02/2024 02:39;;80,93;80,88;80,82;80,89;80,84;81,37;80,85;80,98;80,89;
13/02/2024 02:40;;81,04;80,93;80,89;80,96;80,93;81,42;80,87;81,08;80,93;
13/02/2024 02:41;;81,02;80,94;80,89;80,99;80,91;81,44;80,89;81,11;81,01;
13/02/2024 02:42;;81,05;80,94;80,9;80,97;80,94;81,4;80,88;81,09;81;
13/02/2024 02:43;;81,01;80,92;80,86;80,95;80,92;81,4;80,87;81,05;80,92;
13/02/2024 02:44;;80,98;80,91;80,85;80,95;80,89;81,37;80,86;81,04;80,92;
13/02/2024 02:45;;80,99;80,98;80,9;80,96;80,95;81,37;80,88;81,06;80,91;
13/02/2024 02:46;;81,03;80,93;80,86;80,92;80,88;81,36;80,85;81,03;80,93;
13/02/2024 02:47;;80,96;80,91;80,82;80,91;80,91;81,37;80,9;81,09;80,98;
13/02/2024 02:48;;80,94;80,88;80,84;80,88;80,92;81,37;80,87;81,05;80,9;
13/02/2024 02:49;;80,97;80,89;80,82;80,89;80,89;81,37;80,86;81,02;80,91;
13/02/2024 02:50;;80,93;80,94;80,82;80,87;80,78;81,41;80,88;81,05;80,91;
13/02/2024 02:51;;80,99;80,9;80,85;80,89;80,89;81,3;80,85;81,01;80,89;
13/02/2024 02:52;;80,99;80,87;80,87;80,9;80,91;81,34;80,86;81;80,88;
13/02/2024 02:53;;80,94;80,88;80,81;80,88;80,91;81,33;80,86;81,03;80,87;
13/02/2024 02:54;;80,96;80,89;80,86;80,88;80,85;81,36;80,87;81,04;80,88;
13/02/2024 02:55;;81,02;80,89;80,86;80,91;80,88;81,38;80,89;81,03;80,93;
13/02/2024 02:56;;81,02;80,86;80,88;80,89;80,89;81,33;80,88;80,98;80,91;
13/02/2024 02:57;;80,99;80,92;80,84;80,87;80,92;81,42;80,91;81,01;80,92;
13/02/2024 02:58;;80,96;80,92;80,83;80,88;80,92;81,34;80,87;81;80,87;
13/02/2024 02:59;;81,08;80,93;80,88;80,96;81,03;81,52;80,91;81,29;80,97;
13/02/2024 03:00;;89,48;88,61;87,64;90,13;90,83;91,48;84,16;92,22;89,04;
13/02/2024 03:01;;99,57;99,29;96,59;101,18;102,62;101,43;89,55;103,69;99,7;
13/02/2024 03:02;;108,58;108,07;104,14;110,82;111,98;110,26;96,62;114,03;109,14;
13/02/2024 03:03;;116,93;115,83;111,41;118,97;119,29;118,47;101,76;122,47;116,68;
13/02/2024 03:04;;122,59;122,28;117,27;126,2;127,46;124,76;107,62;130,12;124,34;
13/02/2024 03:05;;129,02;128,37;123,25;132,56;133,36;130,73;112,48;136,3;130,06;
13/02/2024 03:06;;134,65;133,84;128,29;138,39;138,93;136,42;116,57;142,44;136,59;
13/02/2024 03:07;;140,14;139,37;133,78;143,34;144,88;141,8;121,29;147,78;141,59;
13/02/2024 03:08;;145,23;144;138,77;148,52;149,53;147,35;125,67;152,96;146,03;
13/02/2024 03:09;;149,81;148,86;142,93;153,94;154,1;151,33;131,51;157,72;151,89;
13/02/2024 03:10;;150,88;150,86;147,38;154,1;154,03;153,98;135,26;157,4;152,43;
13/02/2024 03:11;;154,58;155,07;151,22;157,85;158,21;157,85;140,3;161,17;155,98;
13/02/2024 03:12;;158,7;159,07;155,5;161,78;162,11;162,55;144,16;165,21;160,4;
13/02/2024 03:13;;163,13;163,51;159,65;165,95;165,79;166,71;149,13;169,38;164,55;
13/02/2024 03:14;;167,17;167,41;164,07;170,34;170,05;171,2;153,75;173,71;168,51;
13/02/2024 03:15;;171,44;172,08;168,3;174,62;174,4;175,49;158,44;178,02;172,82;
13/02/2024 03:16;;175,88;176,39;172,91;178,8;178,58;179,7;162,55;182,17;177,29;
13/02/2024 03:17;;180,2;180,15;177,07;183,03;182,83;184,18;166,83;186,35;181,44;
13/02/2024 03:18;;184,61;184,68;181,28;187,17;187,14;188,46;171,71;190,44;185,58;
13/02/2024 03:19;;188,2;188,8;185,37;191,39;190,95;192,71;175,64;194,71;189,75;
13/02/2024 03:20;;191,69;192,37;188,84;194,52;194,24;195,48;180,03;197,6;192,97;
13/02/2024 03:21;;192,59;192,99;190,12;194,9;194,68;196,11;182,31;197,52;193,71;
13/02/2024 03:22;;192,62;192,81;190,46;194,69;194,42;195,85;184,18;196,94;193,76;
13/02/2024 03:23;;192,61;192,79;190,73;194,33;194,25;195,5;185,47;196,39;193,49;
13/02/2024 03:24;;192,43;192,27;190,7;193,55;193,82;194,99;186,49;195,2;193,13;
13/02/2024 03:25;;191,96;192,04;190,57;193,15;193,22;194,42;187,23;194,71;192,72;
13/02/2024 03:26;;191,79;191,96;190,65;192,89;192,94;194,14;187,9;194,3;192,52;
13/02/2024 03:27;;191,75;191,83;190,64;192,62;192,77;193,89;188,45;193,86;192,27;
13/02/2024 03:28;;191,62;191,61;190,67;192,35;192,49;193,62;188,95;193,4;192,08;
13/02/2024 03:29;;191,5;191,29;190,64;192,05;192,31;193,37;189,15;193,08;191,9;
13/02/2024 03:30;;191,32;191,23;190,52;191,8;191,95;193,04;189,45;192,71;191,64;
13/02/2024 03:31;;191,34;191,19;190,52;191,72;191,91;192,97;189,78;192,51;191,53;
13/02/2024 03:32;;191,24;191,14;190,61;191,6;191,87;192,87;189,86;192,42;191,46;
13/02/2024 03:33;;191,38;191,22;190,75;191,68;191,84;192,91;190,06;192,44;191,54;
13/02/2024 03:34;;191,3;191,19;190,74;191,58;191,78;192,8;190,21;192,23;191,43;
13/02/2024 03:35;;191,26;191,1;190,69;191,42;191,48;192,53;190,32;191,92;191,29;
13/02/2024 03:36;;191,08;190,93;190,64;191,29;191,43;192,49;190,29;191,86;191,2;
13/02/2024 03:37;;191,18;191,03;190,76;191,34;191,48;192,46;190,45;191,86;191,22;
13/02/2024 03:38;;191,13;190,99;190,67;191,22;191,36;192,4;190,45;191,75;191,15;
13/02/2024 03:39;;191,12;190,99;190,69;191,18;191,25;192,25;190,5;191,65;191,08;
13/02/2024 03:40;;191,2;191,1;190,85;191,29;191,38;192,42;190,57;191,72;191,2;
13/02/2024 03:41;;191,2;191,11;190,84;191,22;191,42;192,28;190,55;191,57;191,08;
13/02/2024 03:42;;191,32;191,13;190,89;191,3;191,39;192,42;190,78;191,78;191,23;
13/02/2024 03:43;;191,21;191,09;190,87;191,23;191,27;192,25;190,65;191,54;191,09;
13/02/2024 03:44;;191,22;191,04;190,85;191,19;191,35;192,18;190,66;191,54;191,05;
13/02/2024 03:45;;191,16;190,98;190,83;191,1;191,17;192,08;190,65;191,41;191,04;
13/02/2024 03:46;;191,28;191,09;190,91;191,26;191,34;192,24;190,71;191,56;191,13;
13/02/2024 03:47;;191,44;191,27;191,1;191,42;191,49;192,38;190,86;191,72;191,28;
13/02/2024 03:48;;191,21;191,02;190,92;191,15;191,33;192,15;190,71;191,46;191,11;
13/02/2024 03:49;;191,19;191,03;190,92;191,16;191,21;192,18;190,7;191,45;191,07;
13/02/2024 03:50;;191,35;191,17;191,02;191,27;191,4;192,24;190,76;191,49;191,17;
13/02/2024 03:51;;191,35;191,2;191,05;191,31;191,52;192,39;190,83;191,63;191,2;
13/02/2024 03:52;;192,39;192,17;191,96;192,38;192,43;193,54;191,44;192,94;192,2;
13/02/2024 03:53;;193,88;193,68;193,31;194,03;193,98;195,19;192,32;194,69;193,78;
13/02/2024 03:54;;195,32;195,06;194,62;195,52;195,5;196,65;193,38;196,22;195,14;
13/02/2024 03:55;;196,38;196,23;195,68;196,68;196,61;197,82;194,13;197,42;196,29;
13/02/2024 03:56;;197,61;197,53;196,8;197,91;197,85;198,98;195,2;198,72;197,51;
13/02/2024 03:57;;198,69;198,58;197,87;199,11;199,02;200,29;196,14;199,9;198,75;
13/02/2024 03:58;;199,86;199,68;198,97;200,22;200,09;201,33;197,12;201,12;199,78;
13/02/2024 03:59;;200,76;200,62;199,97;201,19;201,03;202,2;197,91;202,01;200,73;
13/02/2024 04:00;;201,18;201,13;200,45;201,56;201,44;202,62;198,6;202,32;201,16;
13/02/2024 04:01;;201,25;201,17;200,62;201,62;201,56;202,57;199,2;202,24;201,29;
13/02/2024 04:02;;201,33;201,29;200,77;201,64;201,62;202,62;199,42;202,24;201,34;
13/02/2024 04:03;;201,62;201,52;201,01;201,85;201,75;202,77;199,84;202,42;201,55;
13/02/2024 04:04;;201,86;201,77;201,28;202,12;202,06;203,12;200,28;202,67;201,83;
13/02/2024 04:05;;202,06;201,99;201,57;202,3;202,26;203,3;200,47;202,86;202,08;
13/02/2024 04:06;;202,16;202,04;201,66;202,31;202,36;203,27;200,71;202,78;202,15;
13/02/2024 04:07;;201,94;201,84;201,54;201,99;202,1;202,98;200,77;202,41;201,89;
13/02/2024 04:08;;201,71;201,55;201,37;201,76;201,8;202,7;200,77;202,08;201,62;
13/02/2024 04:09;;201,6;201,47;201,27;201,62;201,69;202,57;200,82;201,96;201,52;
13/02/2024 04:10;;201,51;201,35;201,15;201,47;201,52;202,41;200,72;201,8;201,36;
13/02/2024 04:11;;201,45;201,26;201,14;201,42;201,57;202,36;200,79;201,77;201,29;
13/02/2024 04:12;;201,51;201,31;201,18;201,47;201,54;202,42;200,84;201,74;201,36;
13/02/2024 04:13;;201,46;201,29;201,19;201,38;201,47;202,3;200,83;201,67;201,28;
13/02/2024 04:14;;201,5;201,3;201,21;201,41;201,43;202,39;200,9;201,65;201,33;
13/02/2024 04:15;;201,42;201,22;201,12;201,32;201,45;202,26;200,87;201,51;201,25;
13/02/2024 04:16;;201,39;201,19;201,09;201,27;201,28;202,16;200,84;201,45;201,18;
13/02/2024 04:17;;201,36;201,19;201,08;201,24;201,37;202,15;200,79;201,48;201,15;
13/02/2024 04:18;;201,49;201,31;201,22;201,39;201,52;202,32;200,9;201,63;201,28;
13/02/2024 04:19;;201,46;201,26;201,21;201,35;201,34;202,23;200,92;201,54;201,28;
13/02/2024 04:20;;201,36;201,19;201,18;201,25;201,45;202,14;200,92;201,42;201,22;
13/02/2024 04:21;;201,33;201,18;201,12;201,27;201,33;202,09;200,87;201,43;201,17;
13/02/2024 04:22;;201,4;201,18;201,14;201,23;201,17;202,09;200,87;201,42;201,11;
13/02/2024 04:23;;201,47;201,26;201,19;201,32;201,36;202,21;200,9;201,48;201,23;
13/02/2024 04:24;;201,43;201,27;201,21;201,33;201,33;202,18;200,91;201,47;201,22;
13/02/2024 04:25;;201,41;201,24;201,19;201,28;201,36;202,15;200,91;201,5;201,2;
13/02/2024 04:26;;201,44;201,24;201,2;201,27;201,42;202,14;200,92;201,46;201,21;
13/02/2024 04:27;;201,39;201,16;201,16;201,23;201,3;202,11;200,88;201,4;201,16;
13/02/2024 04:28;;201,44;201,3;201,22;201,34;201,33;202,18;200,94;201,44;201,22;
13/02/2024 04:29;;201,39;201,23;201,18;201,29;201,29;202,1;200,94;201,46;201,15;
13/02/2024 04:30;;201,46;201,32;201,21;201,37;201,4;202,19;201;201,57;201,25;
13/02/2024 04:31;;201,48;201,32;201,27;201,39;201,42;202,23;200,99;201,53;201,28;
13/02/2024 04:32;;201,45;201,27;201,2;201,29;201,33;202,14;200,96;201,48;201,22;
13/02/2024 04:33;;201,47;201,27;201,23;201,31;201,33;202,15;200,95;201,45;201,18;
13/02/2024 04:34;;201,5;201,36;201,29;201,4;201,43;202,29;200,98;201,53;201,32;
13/02/2024 04:35;;201,43;201,25;201,2;201,27;201,36;202,1;200,97;201,42;201,16;
13/02/2024 04:36;;201,36;201,18;201,18;201,22;201,3;202,07;200,92;201,37;201,16;
13/02/2024 04:37;;201,38;201,14;201,13;201,22;201,24;202,01;200,9;201,33;201,12;
13/02/2024 04:38;;201,46;201,3;201,25;201,31;201,44;202,15;200,99;201,5;201,2;
13/02/2024 04:39;;201,47;201,29;201,26;201,31;201,07;202,11;201,01;201,38;201,17;
13/02/2024 04:40;;201,48;201,26;201,23;201,29;201,34;202,17;200,99;201,43;201,21;
13/02/2024 04:41;;201,41;201,22;201,21;201,3;201,26;202,12;201;201,41;201,21;
13/02/2024 04:42;;201,51;201,31;201,27;201,35;201,34;202,11;200,97;201,4;201,18;
13/02/2024 04:43;;201,46;201,27;201,25;201,31;201,41;202,1;201;201,43;201,21;
13/02/2024 04:44;;201,52;201,33;201,29;201,37;201,34;202,14;201,01;201,51;201,29;
13/02/2024 04:45;;201,4;201,21;201,22;201,27;201,32;202,07;200,95;201,4;201,17;
13/02/2024 04:46;;201,52;201,31;201,27;201,34;201,37;202,12;201,05;201,49;201,23;
13/02/2024 04:47;;201,38;201,21;201,18;201,23;201,36;202,02;201;201,36;201,14;
13/02/2024 04:48;;201,42;201,21;201,21;201,26;201,31;202,04;200,95;201,35;201,18;
13/02/2024 04:49;;201,38;201,22;201,21;201,23;201,33;201,98;200,96;201,35;201,15;
13/02/2024 04:50;;204,23;203,67;203,37;204,39;204,37;205,86;202,25;205,42;203,76;
13/02/2024 04:51;;212,36;211,81;210,75;213,22;212,73;214,86;207,13;215,09;212,11;
13/02/2024 04:52;;219,44;218,8;217,19;220,74;220,29;222,45;212,26;222,93;219,48;
13/02/2024 04:53;;225,32;225;222,77;226,97;225,94;228,64;216,26;229,71;225,45;
13/02/2024 04:54;;230,49;230,28;227,85;232,35;231,29;233,91;220,93;235,22;230,9;
13/02/2024 04:55;;235,25;234,45;232,57;237,24;236,2;238,91;224,72;240,11;235,58;
13/02/2024 04:56;;239,57;239,06;236,82;241,82;240,82;243,63;228,62;244,88;239,94;
13/02/2024 04:57;;243,97;243,49;241;246,29;245,03;247,83;232,15;249,34;244,42;
13/02/2024 04:58;;248,3;247,73;245,18;250,36;249,53;252,28;236,98;253,53;248,62;
13/02/2024 04:59;;252,63;252,13;249,43;254,48;254,32;256,52;241,97;257,43;253,32;
13/02/2024 05:00;;256,46;255,99;253,35;258,47;257,78;260,41;245,99;261,53;256,88;
13/02/2024 05:01;;260,04;259,59;257,1;262,31;261,5;264,31;249,05;265,49;260,6;
13/02/2024 05:02;;264,15;263,49;261,03;266;265,96;268,34;254,03;269,1;264,55;
13/02/2024 05:03;;267,52;266,82;264,61;269,78;269,44;272,04;257,17;272,94;268,23;
13/02/2024 05:04;;271,25;270,34;268,33;273,51;272,86;275,82;260,82;276,89;271,9;
13/02/2024 05:05;;275,09;274,13;272,07;277,09;277,08;279,53;265,68;280,44;276,06;
13/02/2024 05:06;;278,83;278,37;275,6;280,71;280,84;283,26;269,54;284,07;279,46;
13/02/2024 05:07;;282,36;281,28;279,28;284,4;284,06;286,84;272,05;287,55;282,75;
13/02/2024 05:08;;285,97;284,94;282,83;287,82;287,42;290,38;275,72;291,05;286,3;
13/02/2024 05:09;;289,55;288,18;286,44;291,2;290,92;294,11;278,73;294,65;289,56;
13/02/2024 05:10;;292,52;291,95;289,73;294,65;294,71;297,43;284,07;297,9;293,55;
13/02/2024 05:11;;296,36;295,44;293,32;298,03;298,15;300,67;287,7;301,37;296,89;
13/02/2024 05:12;;299,84;298,81;296,81;301,78;301,87;304,72;291,38;305,13;300,72;
13/02/2024 05:13;;303,55;302,28;300,4;305,34;305,2;308,3;294,83;308,74;304,22;
13/02/2024 05:14;;306,9;306,04;304,05;308,73;308,79;311,57;298,56;312,21;307,57;
13/02/2024 05:15;;310,23;309,54;307,35;312,32;312,42;314,99;301,91;315,58;311,17;
13/02/2024 05:16;;313,88;313,01;310,7;315,63;315,7;318,29;305,75;318,97;314,3;
13/02/2024 05:17;;317,39;316,2;314,31;319,05;319,21;322,06;309,7;322,39;317,92;
13/02/2024 05:18;;320,62;319,67;317,67;322,34;322,35;325,47;312,18;325,57;321,22;
13/02/2024 05:19;;323,81;322,89;320,88;325,55;325,71;328,64;315,81;328,76;324,33;
13/02/2024 05:20;;327,17;326,19;324,25;328,79;328,87;331,98;319,7;332,07;327,75;
13/02/2024 05:21;;330,37;329,2;327,41;332,01;332,18;335,33;323,08;335,28;331,05;
13/02/2024 05:22;;333,66;332,61;330,62;335,16;335,44;338,39;326,19;338,52;334,08;
13/02/2024 05:23;;336,72;335,56;333,84;338,33;338,36;341,5;329,09;341,67;337,52;
13/02/2024 05:24;;340,04;338,71;337,02;341,58;341,99;344,68;332,66;344,84;340,62;
13/02/2024 05:25;;343,14;341,83;340,21;344,7;344,75;348,01;335,86;347,94;343,69;
13/02/2024 05:26;;346,21;345,27;343,37;347,75;348,12;351;338,91;350,98;346,84;
13/02/2024 05:27;;349,37;348,13;346,48;350,94;350,95;354,16;342,24;354,22;350,12;
13/02/2024 05:28;;352,54;351,35;349,58;353,99;354,17;357,07;345,51;357,16;353,08;
13/02/2024 05:29;;355,6;354,24;352,66;357,01;356,91;360,28;348,41;360,14;356,21;
13/02/2024 05:30;;358,47;357,05;355,68;359,97;360,16;363,32;351,69;363,13;359,07;
13/02/2024 05:31;;361,68;360,17;358,78;363,09;363,2;366,18;354,6;366,06;362,08;
13/02/2024 05:32;;364,74;363,23;361,72;365,83;365,85;369,07;357,74;369,13;364,99;
13/02/2024 05:33;;367,49;365,93;364,73;368,91;369,06;372,09;360,51;371,95;367,99;
13/02/2024 05:34;;370,5;369,05;367,77;371,8;372,13;375,03;363,03;374,93;370,97;
13/02/2024 05:35;;373,41;371,79;370,6;374,65;375,05;377,77;366,81;377,71;373,83;
13/02/2024 05:36;;376,48;374,77;373,6;377,61;377,86;380,84;369,54;380,7;376,77;
13/02/2024 05:37;;379,35;378,01;376,5;380,55;380,82;383,55;372,41;383,68;379,78;
13/02/2024 05:38;;382,08;380,64;379,47;383,33;383,71;386,47;375,04;386,34;382,42;
13/02/2024 05:39;;383,49;382,27;381,1;384,61;384,77;387,62;377,32;387,38;383,99;
13/02/2024 05:40;;384,75;383,57;382,42;385,61;385,67;388,58;379,26;388,14;385,01;
13/02/2024 05:41;;385,32;384,37;383,36;386,13;386,46;389,01;380,63;388,36;385,7;
13/02/2024 05:42;;385,78;384,69;384,02;386,27;386,44;389,02;381,54;388,29;385,85;
13/02/2024 05:43;;386,18;385,34;384,6;386,6;387,03;389,4;382,57;388,53;386,26;
13/02/2024 05:44;;386,33;385,56;384,92;386,66;386,9;389,24;383,24;388,31;386,36;
13/02/2024 05:45;;386,33;385,69;385,16;386,56;386,68;389,08;383,47;387,96;386,34;
13/02/2024 05:46;;386,54;385,89;385,41;386,66;386,78;389,04;384;387,97;386,48;
13/02/2024 05:47;;386,59;386;385,56;386,64;386,84;388,95;384,25;387,65;386,47;
13/02/2024 05:48;;386,58;386,05;385,69;386,61;386,71;388,86;384,49;387,55;386,41;
13/02/2024 05:49;;386,56;386,03;385,68;386,43;386,52;388,65;384,62;387,34;386,33;
13/02/2024 05:50;;386,62;386,15;385,83;386,52;386,54;388,61;384,81;387,32;386,43;
13/02/2024 05:51;;386,64;386,16;385,87;386,48;386,69;388,59;384,81;387,21;386,34;
13/02/2024 05:52;;386,66;386,21;385,92;386,45;386,41;388,46;384,89;386,94;386,33;
13/02/2024 05:53;;386,63;386,17;385,94;386,4;386,33;388,31;384,89;386,95;386,27;
13/02/2024 05:54;;386,6;386,22;385,92;386,3;386,3;388,2;385,01;386,93;386,21;
13/02/2024 05:55;;386,71;386,24;386,07;386,49;386,32;388,38;385,06;387,03;386,33;
13/02/2024 05:56;;386,72;386,3;386,1;386,42;386,21;388,28;385,04;386,93;386,26;
13/02/2024 05:57;;386,7;386,32;386,07;386,37;386,18;388,24;385,15;386,8;386,26;
13/02/2024 05:58;;386,71;386,39;386,17;386,38;386,47;388,14;384,99;386,8;386,24;
13/02/2024 05:59;;386,76;386,39;386,21;386,44;386,4;388,24;385,03;386,9;386,31;
13/02/2024 06:00;;386,77;386,5;386,19;386,46;386,39;388,26;385,12;386,74;386,26;
13/02/2024 06:01;;387,09;386,66;386,46;386,74;386,39;388,47;385,27;387,1;386,57;
13/02/2024 06:02;;386,88;386,52;386,34;386,55;386,25;388,24;385,19;386,81;386,39;
13/02/2024 06:03;;386,84;386,49;386,39;386,54;386,23;388,15;385,15;386,86;386,36;
13/02/2024 06:04;;386,95;386,57;386,38;386,55;386,52;388,3;385,21;386,9;386,43;
13/02/2024 06:05;;386,85;386,47;386,35;386,46;386,14;388,15;385,29;386,76;386,35;
13/02/2024 06:06;;386,71;386,37;386,27;386,35;385,92;388,06;385,11;386,58;386,17;
13/02/2024 06:07;;386,82;386,44;386,34;386,44;386,03;388,12;385,2;386,76;386,28;
13/02/2024 06:08;;387,05;386,67;386,53;386,66;386,41;388,33;385,3;386,91;386,46;
13/02/2024 06:09;;386,91;386,64;386,45;386,53;386,14;388,11;385,32;386,74;386,32;
13/02/2024 06:10;;386,87;386,48;386,41;386,49;386,1;388,02;385,18;386,71;386,3;
13/02/2024 06:11;;387,01;386,65;386,51;386,65;386,23;388,22;385,33;386,88;386,46;
13/02/2024 06:12;;386,97;386,62;386,47;386,61;386,32;388,19;385,25;386,9;386,45;
13/02/2024 06:13;;386,87;386,58;386,41;386,46;386,09;388,09;385,25;386,62;386,28;
13/02/2024 06:14;;386,85;386,58;386,4;386,49;385,99;387,98;385,33;386,61;386,29;
13/02/2024 06:15;;386,94;386,56;386,45;386,54;386,15;388,07;385,34;386,69;386,35;
13/02/2024 06:16;;386,85;386,59;386,44;386,45;386,15;388;385,17;386,65;386,21;
13/02/2024 06:17;;387;386,69;386,53;386,61;386,32;388,18;385,4;386,77;386,41;
13/02/2024 06:18;;386,83;386,55;386,45;386,48;386,08;388,02;385,3;386,67;386,28;
13/02/2024 06:19;;386,78;386,45;386,38;386,4;385,75;387,9;385,19;386,51;386,2;
13/02/2024 06:20;;386,78;386,46;386,33;386,39;385,99;387,96;385,21;386,56;386,21;
13/02/2024 06:21;;386,86;386,51;386,44;386,47;386;387,9;385,24;386,66;386,26;
13/02/2024 06:22;;386,92;386,57;386,45;386,55;385,88;387,99;385,33;386,7;386,32;
13/02/2024 06:23;;386,97;386,67;386,48;386,55;386,38;388,09;385,29;386,71;386,33;
13/02/2024 06:24;;386,93;386,62;386,48;386,5;386,08;387,98;385,34;386,62;386,31;
13/02/2024 06:25;;388,12;387,59;387,38;387,84;387,67;389,87;385,86;388,73;387,42;
13/02/2024 06:26;;394,05;393,05;392,39;394,36;393,86;396,64;389,87;395,81;393,52;
13/02/2024 06:27;;399,02;397,69;396,9;399,67;398,94;401,79;393,39;401,73;398,76;
13/02/2024 06:28;;403,1;401,48;400,7;403,92;403,29;406,29;396,93;406,27;402,85;
13/02/2024 06:29;;406,73;405,19;404,27;407,68;406,85;409,9;400,15;410,29;406,5;
13/02/2024 06:30;;410,18;408,47;407,61;411,13;410,46;413,44;403,16;413,67;410,17;
13/02/2024 06:31;;413,31;411,66;410,83;414,37;413,87;416,79;406,27;417,23;413,3;
13/02/2024 06:32;;416,52;415,23;413,92;417,56;417,13;420,24;409,89;420,29;416,67;
13/02/2024 06:33;;419,83;417,85;417,14;420,68;420,12;423,6;412,96;423,6;419,61;
13/02/2024 06:34;;422,73;421,22;420,21;423,9;423,56;426,46;416,27;426,8;422,92;
13/02/2024 06:35;;425,74;424,3;423,28;426,79;426,39;429,55;419,22;429,89;425,99;
13/02/2024 06:36;;428,83;427,15;426,28;429,94;429,45;432,61;422,25;432,85;428,87;
13/02/2024 06:37;;431,95;430,43;429,26;432,84;432,48;435,59;425,45;435,82;431,91;
13/02/2024 06:38;;434,8;433,01;432,25;435,76;435,17;438,58;428,55;438,87;434,82;
13/02/2024 06:39;;437,84;436,04;435,07;438,6;438,1;441,41;431,62;441,63;437,75;
13/02/2024 06:40;;440,49;438,66;438,01;441,37;441,47;443,99;434,1;444,42;440,65;
13/02/2024 06:41;;443,39;441,59;440,83;444,21;443,93;446,95;437,12;447,3;443,48;
13/02/2024 06:42;;446,11;444,48;443,67;447,14;447,01;449,84;439,88;450,09;446,36;
13/02/2024 06:43;;448,88;447,3;446,51;449,87;449,55;452,35;443,21;452,9;449,16;
13/02/2024 06:44;;451,69;450,22;449,24;452,56;452,62;455,41;445,51;455,61;451,81;
13/02/2024 06:45;;454,47;452,64;451,96;455,32;455,07;457,94;448,56;458,36;454,55;
13/02/2024 06:46;;457,28;455,4;454,83;458,02;457,96;460,65;451,41;461,08;457,3;
13/02/2024 06:47;;459,94;458,14;457,5;460,8;460,51;463,38;453,92;463,77;460,1;
13/02/2024 06:48;;462,67;461,07;460,23;463,41;463,15;465,93;456,96;466,5;462,77;
13/02/2024 06:49;;465,09;463,58;462,85;465,91;466,14;468,71;459,29;468,91;465,5;
13/02/2024 06:50;;467,84;466,29;465,52;468,6;468,36;471,16;462,1;471,6;467,98;
13/02/2024 06:51;;470,52;468,79;468,17;471,22;471,08;473,68;464,99;474,23;470,75;
13/02/2024 06:52;;473,12;471,48;470,78;473,85;473,44;476,35;467,28;476,86;473,32;
13/02/2024 06:53;;475,69;474,03;473,38;476,32;476,17;478,87;469,95;479,23;475,88;
13/02/2024 06:54;;478,16;476,58;475,89;478,76;478,7;481,37;472,59;481,69;478,34;
13/02/2024 06:55;;480,63;479,2;478,46;481,29;481,08;483,86;475,32;484,24;480,79;
13/02/2024 06:56;;483,12;481,6;480,89;483,73;483,45;486,23;477,93;486,63;483,29;
13/02/2024 06:57;;485,66;484,08;483,39;486,23;486,14;488,58;480,16;489,05;485,87;
13/02/2024 06:58;;488,02;486,67;485,81;488,66;488,43;491,04;482,8;491,53;488,25;
13/02/2024 06:59;;490,39;488,97;488,26;491,06;490,78;493,64;485,36;493,93;490,66;
13/02/2024 07:00;;492,76;491,31;490,8;493,46;493,45;496,02;487,86;496,34;493,07;
13/02/2024 07:01;;495,21;493,72;493,16;495,83;495,73;498,3;490,18;498,68;495,37;
13/02/2024 07:02;;497,7;496,12;495,56;498,16;498,03;500,51;492,41;501,11;497,81;
13/02/2024 07:03;;499,98;498,48;497,95;500,54;500,45;502,95;495,04;503,57;500,15;
13/02/2024 07:04;;502,39;500,96;500,28;502,86;502,7;505,16;497,1;505,74;502,62;
13/02/2024 07:05;;504,72;503,26;502,63;505,17;504,95;507,56;499,84;508,16;504,88;
13/02/2024 07:06;;506,99;505,48;504,93;507,47;507,23;509,79;501,93;510,39;507,2;
13/02/2024 07:07;;509,34;507,98;507,28;509,73;509,45;512,18;504,19;512,68;509,45;
13/02/2024 07:08;;511,66;510,15;509,56;512,09;511,94;514,36;506,52;514,77;511,83;
13/02/2024 07:09;;513,89;512,41;511,9;514,28;513,95;516,65;508,87;517,13;513,99;
13/02/2024 07:10;;516,13;514,71;514,07;516,5;516,29;518,75;510,82;519,27;516,29;
13/02/2024 07:11;;518,31;516,96;516,42;518,78;518,63;520,98;513,5;521,53;518,52;
13/02/2024 07:12;;520,54;519,15;518,58;520,98;520,87;523,4;515,7;523,64;520,71;
13/02/2024 07:13;;522,84;521,48;520,83;523,17;523;525,57;517,81;525,96;522,88;
13/02/2024 07:14;;524,95;523,72;523,05;525,36;525,37;527,41;519,94;528,05;525,12;
13/02/2024 07:15;;527,18;525,74;525,25;527,6;527,34;529,7;522,28;530,2;527,32;
13/02/2024 07:16;;529,38;527,87;527,43;529,62;529,44;531,76;524,32;532,34;529,5;
13/02/2024 07:17;;531,36;530,21;529,52;531,7;531,52;533,81;526,65;534,27;531,58;
13/02/2024 07:18;;532,81;531,63;531,11;533,13;533,02;535,11;528,54;535,56;533,09;
13/02/2024 07:19;;534,07;532,97;532,4;534,22;533,82;536,13;529,97;536,45;534,18;
13/02/2024 07:20;;535,15;534,1;533,63;535,25;535,13;537,11;531,4;537,4;535,23;
13/02/2024 07:21;;535,82;535;534,5;535,88;535,67;537,77;532,49;537,73;535,97;
13/02/2024 07:22;;536,41;535,66;535,17;536,41;536,1;538,26;533,06;538,04;536,46;
13/02/2024 07:23;;536,73;536,07;535,65;536,57;536,45;538,32;533,67;538,09;536,74;
13/02/2024 07:24;;536,96;536,41;535,99;536,78;536,34;538,49;534,28;538,01;536,92;
13/02/2024 07:25;;537,11;536,67;536,21;536,81;536,56;538,48;534,68;537,97;537,01;
13/02/2024 07:26;;537,22;536,86;536,44;536,96;536,62;538,64;534,92;538,07;537,16;
13/02/2024 07:27;;537,25;536,89;536,49;536,87;536,45;538,35;535;537,74;537,08;
13/02/2024 07:28;;537,21;536,9;536,56;536,87;536,41;538,29;535,15;537,68;537,06;
13/02/2024 07:29;;537,25;536,97;536,6;536,77;536,39;538,22;535,13;537,41;536,94;
13/02/2024 07:30;;537,26;537,18;536,64;536,79;536,56;538,2;535,12;537,33;536,93;
13/02/2024 07:31;;537,23;537,17;536,66;536,78;536,57;538,14;535,12;537,28;536,96;
13/02/2024 07:32;;537,36;537,19;536,78;536,88;536,22;538,11;535,19;537,39;537,02;
13/02/2024 07:33;;537,35;537,14;536,77;536,87;536,23;538,09;535,21;537,29;537,01;
13/02/2024 07:34;;537,24;537,27;536,74;536,74;536,25;537,99;535,16;537,18;536,88;
13/02/2024 07:35;;537,39;537,18;536,85;536,91;536,2;537,95;535,17;537,16;537;
13/02/2024 07:36;;537,29;537,19;536,82;536,78;536,28;538,01;535,18;537,17;536,94;
13/02/2024 07:37;;537,32;537,26;536,85;536,81;536,15;537,86;535,2;537,18;536,91;
13/02/2024 07:38;;537,3;537,22;536,84;536,77;536,21;537,83;535,15;537,03;536,85;
13/02/2024 07:39;;537,42;537,32;536,92;536,89;536,03;537,87;535,16;537,08;536,98;
13/02/2024 07:40;;537,4;537,26;536,92;536,86;536,1;537,9;535,15;537,05;536,88;
13/02/2024 07:41;;537,44;537,29;536,95;536,91;536,03;537,87;535,15;537,12;536,99;
13/02/2024 07:42;;537,48;537,31;536,98;536,99;536,23;538;535,22;537,3;537,06;
13/02/2024 07:43;;537,43;537,32;536,96;536,9;536,1;537,86;535,19;537,05;536,96;
13/02/2024 07:44;;537,33;537,27;536,87;536,71;535,99;537,75;535,16;536,87;536,76;
13/02/2024 07:45;;537,39;537,24;536,92;536,85;536,05;537,77;535,1;537,07;536,87;
